peak_id,phylum_score,class_score,order_score,family_score,genus_score
1310723,1.0,1.0,1.0,0.0,0.0
1310726,,,,,
671778,0.0,0.0,0.0,0.0,0.0
1327140,0.4,0.4,0.4,0.0,0.0
671777,,,,,
688179,0.18,0.12,0.12,0.0,0.0
106558,0.05,0.05,0.05,0.0,0.0
868422,0.25,0.25,0.25,0.0,0.0
1466445,,,,,
1466446,0.17,0.0,0.0,0.0,0.0
1269838,0.5,0.5,0.5,0.0,0.0
630895,0.07,0.05,0.05,0.0,0.0
753780,0.16,0.09,0.09,0.0,0.0
696436,,,,,
1327228,0.0,0.0,0.0,0.0,0.0
688259,0.04,0.04,0.04,0.0,0.0
106634,0.5,0.5,0.5,0.0,0.0
1032334,0.13,0.08,0.08,0.0,0.0
1187986,0.5,0.5,0.5,0.0,0.0
802967,0.18,0.05,0.05,0.04,0.02
1327264,0.0,0.0,0.0,0.0,0.0
360614,0.2,0.12,0.12,0.02,0.02
106662,0.5,0.5,0.5,0.0,0.0
1220777,1.0,1.0,1.0,0.0,0.0
1188014,0.5,0.5,0.5,0.0,0.0
1310898,0.21,0.11,0.11,0.0,0.0
688318,0.21,0.03,0.03,0.03,0.0
614596,0.29,0.29,0.29,0.0,0.0
745687,0.29,0.2,0.2,0.0,0.0
106717,0.14,0.14,0.14,0.0,0.0
106724,0.17,0.04,0.04,0.0,0.0
1237222,1.0,1.0,1.0,0.0,0.0
1196267,0.4,0.2,0.2,0.0,0.0
1327340,,,,,
1269999,0.5,0.5,0.5,0.0,0.0
688372,0.06,0.02,0.02,0.0,0.0
1155319,0.0,0.0,0.0,0.0,0.0
1237242,1.0,1.0,1.0,0.0,0.0
1163517,0.11,0.02,0.02,0.0,0.0
1319166,0.58,0.5,0.5,0.0,0.0
794880,0.2,0.2,0.2,0.0,0.0
794881,,,,,
1319172,0.08,0.03,0.03,0.0,0.0
1327365,0.0,0.0,0.0,0.0,0.0
721161,0.05,0.05,0.05,0.0,0.0
1319188,0.09,0.05,0.05,0.0,0.0
786709,0.19,0.15,0.15,0.0,0.0
1032468,0.09,0.04,0.04,0.0,0.0
1327383,1.0,1.0,1.0,0.0,0.0
688405,0.09,0.07,0.07,0.0,0.0
1188159,0.07,0.07,0.07,0.0,0.0
835904,0.26,0.21,0.21,0.0,0.0
1319237,0.08,0.04,0.04,0.0,0.0
991562,0.17,0.09,0.09,0.0,0.0
1188182,0.33,0.33,0.33,0.0,0.0
667640,0.1,0.1,0.1,0.0,0.0
106852,0.1,0.1,0.1,0.0,0.0
1327467,,,,,
672110,,,,,
1311089,0.28,0.17,0.17,0.0,0.0
672113,,,,,
672115,,,,,
1155447,0.25,0.25,0.25,0.0,0.0
803192,0.0,0.0,0.0,0.0,0.0
106868,0.14,0.08,0.08,0.0,0.0
1311102,0.14,0.06,0.06,0.0,0.0
683930,,,,,
1319296,0.21,0.11,0.11,0.0,0.0
1335680,0.0,0.0,0.0,0.0,0.0
1180036,0.0,0.0,0.0,0.0,0.0
1221013,0.0,0.0,0.0,0.0,0.0
1155500,0.33,0.33,0.33,0.0,0.0
795059,1.0,1.0,1.0,0.0,0.0
795061,0.0,0.0,0.0,0.0,0.0
1319361,0.05,0.04,0.04,0.0,0.0
1335760,0.15,0.1,0.1,0.0,0.0
1360337,0.5,0.5,0.5,0.0,0.0
795105,1.0,1.0,1.0,0.0,0.0
795106,,,,,
795104,0.17,0.17,0.17,0.0,0.0
1180146,0.5,0.33,0.33,0.0,0.0
1327606,0.0,0.0,0.0,0.0,0.0
1352182,0.12,0.05,0.05,0.0,0.0
1352195,0.1,0.05,0.05,0.0,0.0
1319430,0.85,0.55,0.55,0.05,0.05
1286663,0.33,0.33,0.33,0.0,0.0
623120,0.12,0.11,0.11,0.0,0.0
1352209,0.09,0.05,0.05,0.0,0.0
1352230,0.08,0.04,0.04,0.0,0.0
1237555,0.25,0.25,0.25,0.0,0.0
1180232,0.5,0.5,0.5,0.0,0.0
1237584,0.25,0.0,0.0,0.0,0.0
623185,0.1,0.07,0.07,0.0,0.0
1327738,0.0,0.0,0.0,0.0,0.0
1229460,,,,,
1221283,0.23,0.15,0.15,0.0,0.0
754348,0.83,0.67,0.67,0.0,0.0
1319614,0.12,0.07,0.07,0.0,0.0
107198,0.14,0.14,0.14,0.0,0.0
1221322,0.22,0.12,0.12,0.0,0.0
762582,0.14,0.05,0.05,0.02,0.02
1360605,0.5,0.5,0.5,0.0,0.0
1336030,0.2,0.2,0.2,0.0,0.0
688872,0.1,0.08,0.08,0.0,0.0
639741,0.02,0.02,0.02,0.0,0.0
1360640,0.5,0.5,0.5,0.0,0.0
803587,0.11,0.05,0.05,0.0,0.0
688903,0.06,0.04,0.04,0.0,0.0
1155898,0.33,0.17,0.17,0.0,0.0
1352510,0.8,0.8,0.8,0.0,0.0
123728,0.19,0.06,0.06,0.0,0.0
1311569,,,,,
1311570,,,,,
656222,0.14,0.08,0.08,0.0,0.0
1180516,1.0,1.0,1.0,0.0,0.0
779117,0.11,0.05,0.05,0.02,0.02
1180535,0.25,0.25,0.25,0.0,0.0
705407,0.04,0.04,0.04,0.0,0.0
705412,0.1,0.06,0.06,0.0,0.0
1188745,0.06,0.04,0.04,0.0,0.0
1270675,0.09,0.05,0.05,0.0,0.0
1213336,,,,,
697250,0.07,0.07,0.07,0.0,0.0
648102,0.08,0.05,0.05,0.0,0.0
1467316,,,,,
1336257,0.5,0.5,0.5,0.0,0.0
107459,0.06,0.02,0.02,0.0,0.0
1336274,0.5,0.5,0.5,0.0,0.0
1336292,0.5,0.5,0.5,0.0,0.0
1319912,0.86,0.71,0.71,0.0,0.0
705528,0.07,0.04,0.04,0.0,0.0
1328121,0.0,0.0,0.0,0.0,0.0
1336316,0.25,0.25,0.25,0.0,0.0
705561,0.13,0.07,0.07,0.0,0.0
680988,0.08,0.03,0.03,0.0,0.0
1336358,0.0,0.0,0.0,0.0,0.0
214056,0.0,0.0,0.0,0.0,0.0
214062,0.0,0.0,0.0,0.0,0.0
1467438,0.0,0.0,0.0,0.0,0.0
1287222,0.13,0.03,0.03,0.0,0.0
640067,0.07,0.07,0.07,0.0,0.0
623709,0.15,0.12,0.12,0.0,0.0
705640,0.07,0.04,0.04,0.0,0.0
672879,0.13,0.06,0.06,0.02,0.02
1385589,0.09,0.05,0.05,0.0,0.0
1336443,1.0,1.0,1.0,0.0,0.0
623742,0.36,0.05,0.05,0.0,0.0
205954,0.53,0.35,0.35,0.0,0.0
812173,0.12,0.02,0.02,0.02,0.0
1254542,,,,,
836748,0.25,0.16,0.16,0.0,0.0
844939,0.15,0.08,0.08,0.0,0.0
640172,0.06,0.04,0.04,0.0,0.0
1180846,0.08,0.02,0.02,0.0,0.0
107695,0.1,0.03,0.03,0.0,0.0
1328304,0.0,0.0,0.0,0.0,0.0
746684,0.09,0.04,0.04,0.0,0.0
1238205,0.15,0.07,0.07,0.0,0.0
713926,0.09,0.07,0.07,0.0,0.0
804042,0.15,0.08,0.08,0.0,0.0
1303756,1.0,1.0,1.0,0.0,0.0
804045,0.0,0.0,0.0,0.0,0.0
804046,0.23,0.08,0.08,0.0,0.0
804044,0.5,0.5,0.5,0.0,0.0
107764,0.5,0.5,0.5,0.0,0.0
1180926,0.1,0.06,0.06,0.0,0.0
1115397,0.22,0.12,0.12,0.0,0.0
107784,0.07,0.0,0.0,0.0,0.0
107792,0.04,0.04,0.04,0.0,0.0
689429,0.13,0.03,0.03,0.0,0.0
738593,0.38,0.21,0.21,0.0,0.0
1148196,0.0,0.0,0.0,0.0,0.0
689448,0.19,0.0,0.0,0.0,0.0
689449,,,,,
1328432,0.33,0.33,0.33,0.0,0.0
845106,0.06,0.02,0.02,0.0,0.0
673076,0.09,0.07,0.07,0.0,0.0
1156412,0.08,0.04,0.04,0.0,0.0
1385807,0.15,0.07,0.07,0.0,0.0
1328468,1.0,1.0,1.0,0.0,0.0
746847,0.21,0.11,0.11,0.0,0.0
1164640,,,,,
689511,0.0,0.0,0.0,0.0,0.0
1312118,0.5,0.5,0.5,0.0,0.0
1312131,,,,,
705935,0.1,0.06,0.06,0.0,0.0
1205658,0.5,0.5,0.5,0.0,0.0
689568,0.0,0.0,0.0,0.0,0.0
689570,,,,,
689571,,,,,
804263,0.11,0.11,0.11,0.0,0.0
804265,0.33,0.33,0.33,0.0,0.0
804264,1.0,1.0,1.0,0.0,0.0
722362,0.08,0.04,0.04,0.0,0.0
1156541,0.04,0.04,0.04,0.0,0.0
689601,0.0,0.0,0.0,0.0,0.0
787907,0.5,0.5,0.5,0.0,0.0
116179,,,,,
746979,0.13,0.02,0.02,0.0,0.0
722410,0.09,0.05,0.05,0.0,0.0
673276,0.12,0.1,0.1,0.0,0.0
812561,0.04,0.0,0.0,0.0,0.0
747033,0.15,0.0,0.0,0.0,0.0
689698,,,,,
689700,,,,,
1394214,0.19,0.09,0.09,0.0,0.0
689701,,,,,
722489,0.05,0.05,0.05,0.0,0.0
706116,0.13,0.1,0.1,0.0,0.0
804432,,,,,
804433,,,,,
804434,0.0,0.0,0.0,0.0,0.0
804435,1.0,1.0,1.0,0.0,0.0
1205845,,,,,
1238617,0.2,0.2,0.2,0.0,0.0
1312345,,,,,
1336934,0.1,0.05,0.05,0.02,0.02
706155,0.14,0.06,0.06,0.0,0.0
1255021,0.5,0.5,0.5,0.0,0.0
1336944,0.0,0.0,0.0,0.0,0.0
616051,0.5,0.5,0.5,0.0,0.0
1295992,0.15,0.09,0.09,0.0,0.0
1255036,0.67,0.33,0.33,0.0,0.0
755331,0.11,0.08,0.08,0.0,0.0
640648,0.11,0.11,0.11,0.0,0.0
788117,0.15,0.07,0.07,0.01,0.01
1197719,0.33,0.2,0.2,0.0,0.0
673440,0.07,0.02,0.02,0.0,0.0
1328807,0.0,0.0,0.0,0.0,0.0
1328815,0.5,0.5,0.5,0.0,0.0
804539,0.5,0.5,0.5,0.0,0.0
804540,1.0,1.0,1.0,0.0,0.0
214717,0.1,0.07,0.07,0.0,0.0
616138,0.33,0.33,0.33,0.0,0.0
763604,,,,,
616155,0.33,0.33,0.33,0.0,0.0
820965,0.14,0.1,0.1,0.0,0.0
616167,0.14,0.14,0.14,0.0,0.0
108267,0.0,0.0,0.0,0.0,0.0
722673,0.12,0.05,0.05,0.0,0.0
780018,0.08,0.04,0.04,0.0,0.0
1124094,0.04,0.0,0.0,0.0,0.0
714495,0.08,0.06,0.06,0.0,0.0
616210,0.62,0.5,0.5,0.12,0.12
616233,0.6,0.4,0.4,0.1,0.1
1124153,0.15,0.08,0.08,0.0,0.0
1328957,1.0,0.5,0.5,0.0,0.0
1247040,0.21,0.03,0.03,0.0,0.0
714561,0.06,0.04,0.04,0.0,0.0
1328968,,,,,
714580,0.09,0.04,0.04,0.0,0.0
1337178,0.31,0.14,0.14,0.0,0.0
1124192,0.06,0.04,0.04,0.0,0.0
1124206,0.1,0.08,0.08,0.0,0.0
780144,0.14,0.07,0.07,0.02,0.02
1148804,0.5,0.5,0.5,0.0,0.0
1353607,0.5,0.5,0.5,0.0,0.0
1337225,0.14,0.02,0.02,0.0,0.0
690064,0.12,0.1,0.1,0.0,0.0
788369,0.5,0.5,0.5,0.0,0.0
788370,,,,,
1214362,0.0,0.0,0.0,0.0,0.0
1337262,0.25,0.25,0.25,0.0,0.0
722862,0.14,0.08,0.08,0.0,0.0
788403,,,,,
739260,0.52,0.26,0.26,0.04,0.0
796608,0.11,0.04,0.04,0.0,0.0
1304519,0.5,0.5,0.5,0.0,0.0
747478,0.08,0.04,0.04,0.0,0.0
1255384,,,,,
763871,0.09,0.08,0.08,0.0,0.0
665568,0.09,0.05,0.05,0.0,0.0
624609,,,,,
624610,,,,,
624611,,,,,
624612,,,,,
1198055,0.0,0.0,0.0,0.0,0.0
1239020,0.5,0.5,0.5,0.0,0.0
853997,0.44,0.26,0.26,0.08,0.03
714762,0.05,0.0,0.0,0.02,0.02
665631,0.07,0.07,0.07,0.0,0.0
1148967,0.14,0.14,0.14,0.0,0.0
1271847,0.2,0.13,0.13,0.02,0.0
878640,0.17,0.08,0.08,0.0,0.0
624700,,,,,
714824,0.09,0.04,0.04,0.0,0.0
829518,0.2,0.12,0.12,0.0,0.0
1239131,0.25,0.25,0.25,0.0,0.0
616553,0.34,0.23,0.23,0.0,0.0
714858,0.05,0.05,0.05,0.0,0.0
698476,0.1,0.07,0.07,0.0,0.0
1353851,0.2,0.11,0.11,0.0,0.0
665730,0.1,0.05,0.05,0.02,0.02
690311,0.06,0.02,0.02,0.0,0.0
616600,0.04,0.02,0.02,0.0,0.0
1116313,0.11,0.07,0.07,0.0,0.0
1271963,0.05,0.05,0.05,0.0,0.0
1190055,0.17,0.17,0.17,0.0,0.0
641199,0.0,0.0,0.0,0.0,0.0
1411262,0.17,0.03,0.03,0.03,0.03
1353920,0.23,0.0,0.0,0.0,0.0
1353924,0.45,0.21,0.21,0.03,0.03
1214685,0.23,0.12,0.12,0.0,0.0
690401,0.05,0.05,0.05,0.0,0.0
1329379,0.33,0.33,0.33,0.0,0.0
1288420,0.0,0.0,0.0,,
1181932,0.25,0.25,0.25,0.0,0.0
755984,0.09,0.04,0.04,0.0,0.0
1181969,0.33,0.33,0.33,0.0,0.0
1222933,0.5,0.5,0.5,0.0,0.0
1288470,1.0,1.0,1.0,0.0,0.0
1272098,0.09,0.02,0.02,0.0,0.0
641314,0.1,0.1,0.1,0.0,0.0
1362220,0.5,0.5,0.5,0.0,0.0
665930,0.03,0.02,0.02,0.0,0.0
1337679,0.5,0.5,0.5,0.0,0.0
1313126,0.5,0.5,0.5,0.0,0.0
657775,,,,,
739701,0.09,0.09,0.09,0.0,0.0
1182075,0.31,0.15,0.15,0.0,0.0
616829,0.06,0.05,0.05,0.0,0.0
1337736,0.33,0.33,0.33,0.0,0.0
1255817,0.5,0.5,0.5,0.0,0.0
1362323,0.33,0.33,0.33,0.0,0.0
879004,0.06,0.06,0.06,0.0,0.0
838058,0.18,0.12,0.12,0.0,0.0
1149362,0.08,0.05,0.05,0.0,0.0
756157,0.1,0.04,0.04,0.0,0.0
108991,0.07,0.07,0.07,0.0,0.0
1149387,0.08,0.03,0.03,0.0,0.0
1165770,0.11,0.04,0.04,0.0,0.0
1337808,1.0,1.0,1.0,0.0,0.0
1182167,0.0,0.0,0.0,0.0,0.0
1223152,,,,,
1337846,1.0,1.0,1.0,0.0,0.0
1231372,0.4,0.2,0.2,0.0,0.0
707086,0.11,0.05,0.05,0.02,0.02
1255952,0.25,0.0,0.0,0.0,0.0
1354265,1.0,0.5,0.5,0.0,0.0
1337883,0.0,0.0,0.0,0.0,0.0
1337884,,,,,
731687,0.11,0.06,0.06,0.0,0.0
1255976,0.17,0.0,0.0,0.0,0.0
1255978,0.0,0.0,0.0,0.0,0.0
1337905,,,,,
1133117,0.25,0.25,0.25,0.0,0.0
617025,0.5,0.5,0.5,0.0,0.0
805450,0.16,0.04,0.04,0.0,0.0
1149518,0.17,0.17,0.17,0.0,0.0
1231439,0.16,0.08,0.08,0.0,0.0
1133142,0.2,0.2,0.2,0.0,0.0
1149527,0.5,0.5,0.5,0.0,0.0
731739,0.2,0.11,0.11,0.0,0.0
117344,0.11,0.11,0.11,0.0,0.0
240239,1.0,1.0,1.0,0.0,0.0
682618,,,,,
1337990,0.1,0.04,0.04,0.0,0.0
625289,0.2,0.0,0.0,0.0,0.0
1338000,,,,,
1198738,1.0,1.0,1.0,0.0,0.0
1338012,1.0,1.0,1.0,0.0,0.0
1338023,,,,,
92862,,,,,
1198788,0.5,0.5,0.5,0.0,0.0
903878,0.22,0.04,0.04,0.0,0.0
977608,0.04,0.02,0.02,0.0,0.0
707273,,,,,
707272,,,,,
1223381,0.08,0.03,0.03,0.0,0.0
649965,0.09,0.03,0.03,0.02,0.0
92910,0.08,0.03,0.03,0.0,0.0
1338097,,,,,
1067764,0.09,0.04,0.04,0.0,0.0
1198852,1.0,1.0,1.0,0.0,0.0
1288965,0.1,0.1,0.1,0.0,0.0
1215265,0.5,0.0,0.0,0.0,0.0
1157922,0.06,0.03,0.03,0.0,0.0
699180,,,,,
1321774,,,,,
740141,0.09,0.07,0.07,0.0,0.0
699181,,,,,
92975,0.0,0.0,0.0,0.0,0.0
1198910,0.42,0.17,0.17,0.0,0.0
109375,0.83,0.65,0.65,0.04,0.04
904004,0.04,0.0,0.0,0.0,0.0
1338190,0.0,0.0,0.0,0.0,0.0
617336,0.07,0.05,0.05,0.0,0.0
117660,0.5,0.5,0.5,0.0,0.0
682919,0.02,0.02,0.02,0.0,0.0
1338282,0.0,0.0,0.0,0.0,0.0
658350,0.06,0.06,0.06,0.0,0.0
109528,0.17,0.13,0.13,0.0,0.0
76762,0.06,0.06,0.06,0.0,0.0
183263,0.21,0.14,0.14,0.0,0.0
846824,0.14,0.08,0.08,0.0,0.0
1272820,0.33,0.33,0.33,0.0,0.0
740346,0.06,0.04,0.04,0.0,0.0
1256467,0.12,0.12,0.12,0.0,0.0
691233,0.12,0.1,0.1,0.0,0.0
1182784,1.0,1.0,1.0,0.0,0.0
740425,0.14,0.14,0.14,0.0,0.0
1223761,0.5,0.5,0.5,0.0,0.0
1223794,0.5,0.5,0.5,0.0,0.0
1125496,0.1,0.06,0.06,0.0,0.0
1232004,0.0,0.0,0.0,0.0,0.0
683145,0.09,0.07,0.07,0.0,0.0
1256588,0.5,0.5,0.5,0.0,0.0
1387675,1.0,1.0,1.0,0.0,0.0
1158305,0.26,0.19,0.19,0.0,0.0
1240226,0.24,0.14,0.14,0.0,0.0
674992,,,,,
683216,0.04,0.04,0.04,0.0,0.0
1223892,1.0,1.0,1.0,0.0,0.0
863450,1.0,1.0,1.0,0.0,0.0
978147,0.24,0.16,0.16,0.02,0.02
675049,1.0,1.0,1.0,0.0,0.0
1150187,0.13,0.05,0.05,0.0,0.0
1256684,,,,,
683268,0.08,0.08,0.08,0.0,0.0
658693,0.1,0.08,0.08,0.0,0.0
109832,0.05,0.05,0.05,0.0,0.0
683275,0.06,0.04,0.04,0.0,0.0
740621,0.02,0.02,0.02,0.0,0.0
732444,0.07,0.05,0.05,0.0,0.0
675111,0.14,0.14,0.14,0.0,0.0
781606,0.0,0.0,0.0,0.0,0.0
675114,,,,,
675117,,,,,
1346866,0.1,0.02,0.02,0.0,0.0
625975,0.08,0.08,0.08,0.0,0.0
1191236,0.06,0.06,0.06,0.0,0.0
773450,0.08,0.06,0.06,0.0,0.0
109902,0.18,0.18,0.18,0.0,0.0
1314134,,,,,
699737,0.14,0.11,0.11,0.0,0.0
1305951,0.0,0.0,0.0,0.0,0.0
1330542,0.22,0.07,0.07,0.02,0.02
683394,0.02,0.02,0.02,0.0,0.0
1355140,0.07,0.02,0.02,0.0,0.0
716165,0.07,0.07,0.07,0.0,0.0
1306004,0.15,0.11,0.11,0.0,0.0
1330588,0.14,0.04,0.04,0.02,0.0
1207724,1.0,1.0,1.0,0.0,0.0
110006,0.08,0.08,0.08,0.0,0.0
1330620,0.18,0.06,0.06,0.0,0.0
658886,0.06,0.06,0.06,0.0,0.0
798156,0.0,0.0,0.0,0.0,0.0
667096,0.1,0.1,0.1,0.0,0.0
1175056,0.29,0.17,0.17,0.0,0.0
110105,0.1,0.05,0.05,0.05,0.0
1273373,0.05,0.02,0.02,0.0,0.0
732704,0.13,0.06,0.06,0.0,0.0
93747,0.06,0.04,0.04,0.0,0.0
683573,0.02,0.02,0.02,0.0,0.0
749124,0.06,0.02,0.02,0.0,0.0
118344,,,,,
1248843,0.12,0.06,0.06,0.0,0.0
749155,0.09,0.04,0.04,0.0,0.0
732777,0.09,0.04,0.04,0.0,0.0
1158773,0.15,0.08,0.08,0.0,0.0
872054,0.08,0.05,0.05,0.0,0.0
1150592,0.5,0.33,0.33,0.0,0.0
1240705,0.12,0.08,0.08,0.0,0.0
732821,0.09,0.02,0.02,0.0,0.0
93873,0.1,0.09,0.09,0.0,0.0
1191602,0.5,0.5,0.5,0.0,0.0
650933,0.07,0.06,0.06,0.0,0.0
1347256,0.19,0.04,0.04,0.0,0.0
1175228,1.0,1.0,1.0,0.0,0.0
806611,1.0,1.0,1.0,0.0,0.0
1216215,1.0,1.0,1.0,0.0,0.0
93913,0.06,0.05,0.05,0.0,0.0
773877,0.16,0.07,0.07,0.0,0.0
691966,0.0,0.0,0.0,0.0,0.0
691968,0.25,0.08,0.08,0.0,0.0
691967,0.5,0.0,0.0,0.0,0.0
691969,0.0,0.0,0.0,0.0,0.0
675615,0.04,0.04,0.04,0.0,0.0
806688,0.5,0.2,0.2,0.05,0.05
806693,0.22,0.17,0.17,0.0,0.0
1412907,0.19,0.05,0.05,0.0,0.0
708401,0.08,0.08,0.08,0.0,0.0
692019,,,,,
700225,0.08,0.06,0.06,0.0,0.0
1167188,0.09,0.04,0.04,0.0,0.0
1314645,0.22,0.1,0.1,0.0,0.0
1232731,0.33,0.33,0.33,0.0,0.0
683875,0.5,0.5,0.5,0.0,0.0
864102,0.07,0.05,0.05,0.0,0.0
1077103,0.07,0.05,0.05,0.0,0.0
1331085,0.21,0.08,0.08,0.02,0.02
118672,0.08,0.07,0.07,0.03,0.03
790418,0.14,0.07,0.07,0.02,0.02
1200019,0.33,0.33,0.33,0.0,0.0
1150870,0.2,0.0,0.0,0.0,0.0
683932,,,,,
683931,0.0,0.0,0.0,0.0,0.0
741277,0.11,0.04,0.04,0.0,0.0
1150880,0.0,0.0,0.0,0.0,0.0
94108,0.03,0.03,0.03,0.0,0.0
749490,0.1,0.08,0.08,0.0,0.0
806864,0.33,0.15,0.15,0.02,0.02
683997,,,,,
626671,0.05,0.05,0.05,0.0,0.0
1150971,0.12,0.03,0.03,0.0,0.0
1232889,0.29,0.14,0.14,0.0,0.0
667641,0.15,0.11,0.11,0.0,0.0
1126419,0.25,0.2,0.2,0.0,0.0
217113,1.0,1.0,1.0,0.0,0.0
1011740,0.2,0.13,0.13,0.0,0.0
1200178,0.16,0.08,0.08,0.0,0.0
217149,0.09,0.09,0.09,0.0,0.0
1405001,0.04,0.0,0.0,0.0,0.0
1298506,0.0,0.0,0.0,0.0,0.0
1110105,0.12,0.12,0.12,0.0,0.0
1183861,0.25,0.25,0.25,0.0,0.0
766080,0.13,0.03,0.03,0.03,0.01
1405058,0.15,0.02,0.02,0.02,0.02
667785,0.09,0.04,0.04,0.0,0.0
659600,0.11,0.09,0.09,0.02,0.02
1110161,0.12,0.12,0.12,0.0,0.0
684188,0.1,0.09,0.09,0.0,0.0
1462427,0.06,0.0,0.0,0.0,0.0
905408,0.09,0.06,0.06,0.0,0.0
676043,0.09,0.09,0.09,0.0,0.0
700618,0.07,0.04,0.04,0.0,0.0
1110229,0.33,0.11,0.11,0.0,0.0
1274073,1.0,1.0,1.0,0.0,0.0
1331419,0.06,0.01,0.01,0.0,0.0
692461,0.04,0.04,0.04,0.0,0.0
1331464,0.11,0.02,0.02,0.0,0.0
676113,0.12,0.08,0.08,0.0,0.0
1306898,0.5,0.1,0.1,0.0,0.0
692498,0.13,0.07,0.07,0.0,0.0
717077,0.09,0.07,0.07,0.0,0.0
110871,0.2,0.1,0.1,0.0,0.0
1110297,0.6,0.2,0.2,0.0,0.0
692513,0.08,0.02,0.02,0.0,0.0
987427,0.16,0.1,0.1,0.0,0.0
667942,0.13,0.1,0.1,0.0,0.0
684331,0.1,0.1,0.1,0.0,0.0
807231,0.13,0.13,0.13,0.0,0.0
1184109,0.4,0.4,0.4,0.0,0.0
668016,0.1,0.03,0.03,0.02,0.02
725376,0.03,0.0,0.0,0.0,0.0
717187,0.04,0.04,0.04,0.0,0.0
782726,0.02,0.02,0.02,0.0,0.0
725384,0.08,0.0,0.0,0.0,0.0
1175949,0.19,0.09,0.09,0.0,0.0
1413542,0.08,0.0,0.0,0.0,0.0
1151398,0.14,0.1,0.1,0.0,0.0
684456,0.16,0.13,0.13,0.0,0.0
1249715,1.0,1.0,1.0,0.0,0.0
651706,0.11,0.1,0.1,0.0,0.0
831967,0.09,0.04,0.04,0.0,0.0
684517,0.11,0.08,0.08,0.0,0.0
750072,0.12,0.07,0.07,0.0,0.0
709115,0.09,0.06,0.06,0.0,0.0
676363,0.12,0.06,0.06,0.0,0.0
1151506,0.14,0.14,0.14,0.0,0.0
725540,0.1,0.1,0.1,0.0,0.0
1331756,0.2,0.2,0.2,0.0,0.0
676398,0.23,0.13,0.13,0.0,0.0
1315399,1.0,1.0,1.0,0.0,0.0
692840,0.2,0.1,0.1,0.0,0.0
1233507,0.4,0.2,0.2,0.0,0.0
176750,0.15,0.12,0.12,0.0,0.0
1135215,0.09,0.09,0.09,0.0,0.0
627315,,,,,
1307274,0.5,0.5,0.5,0.0,0.0
1233548,0.56,0.11,0.11,0.0,0.0
750229,0.06,0.02,0.02,0.0,0.0
684700,0.02,0.0,0.0,0.0,0.0
717466,0.04,0.02,0.02,0.0,0.0
676514,0.09,0.07,0.07,0.0,0.0
1233584,0.15,0.07,0.07,0.0,0.0
1307319,0.5,0.5,0.5,0.0,0.0
848571,0.12,0.07,0.07,0.0,0.0
1331903,0.06,0.02,0.02,0.0,0.0
873152,0.11,0.07,0.07,0.0,0.0
1135294,0.17,0.17,0.17,0.0,0.0
807627,,,,,
1200848,0.09,0.04,0.04,0.0,0.0
864996,0.5,0.5,0.5,0.0,0.0
1110762,0.43,0.36,0.36,0.0,0.0
1331956,0.14,0.1,0.1,0.0,0.0
111355,,,,,
111356,,,,,
1331972,0.3,0.16,0.16,0.02,0.02
652035,,,,,
1241884,,,,,
1299238,0.2,0.11,0.11,0.0,0.0
684836,0.11,0.06,0.06,0.02,0.02
111411,0.07,0.07,0.07,0.0,0.0
1209142,0.16,0.08,0.08,0.02,0.02
111418,0.08,0.06,0.06,0.0,0.0
684860,0.0,0.0,0.0,0.0,0.0
1151822,1.0,1.0,1.0,0.0,0.0
1151827,0.82,0.71,0.71,0.0,0.0
1192786,0.25,0.0,0.0,0.0,0.0
1315674,0.12,0.09,0.09,0.0,0.0
1282908,0.33,0.33,0.33,0.0,0.0
1233762,0.33,0.17,0.17,0.0,0.0
684898,0.0,0.0,0.0,0.0,0.0
1323878,0.6,0.2,0.2,0.0,0.0
111463,0.04,0.04,0.04,0.0,0.0
1323881,0.0,0.0,0.0,0.0,0.0
693100,0.12,0.06,0.06,0.0,0.0
1233784,0.25,0.12,0.12,0.0,0.0
1323909,0.12,0.12,0.12,0.0,0.0
775053,0.09,0.04,0.04,0.0,0.0
1233811,0.25,0.25,0.25,0.0,0.0
1282964,0.33,0.33,0.33,0.0,0.0
1151902,0.25,0.25,0.25,0.0,0.0
1233824,0.2,0.0,0.0,0.0,0.0
1192872,0.39,0.17,0.17,0.0,0.0
1307573,,,,,
693176,0.2,0.12,0.12,0.0,0.0
1381309,,,,,
652251,0.25,0.25,0.25,0.0,0.0
1315843,0.31,0.19,0.19,0.0,0.0
693257,0.0,0.0,0.0,0.0,0.0
693256,0.1,0.04,0.04,0.0,0.0
1299473,0.5,0.5,0.5,0.0,0.0
807964,0.12,0.05,0.05,0.0,0.0
1266718,1.0,1.0,1.0,0.0,0.0
1160232,0.14,0.14,0.14,0.0,0.0
1414185,0.14,0.02,0.02,0.0,0.0
1315894,0.06,0.03,0.03,0.0,0.0
1274944,0.13,0.09,0.09,0.0,0.0
767042,,,,,
734280,0.05,0.04,0.04,0.0,0.0
816224,0.22,0.13,0.13,0.0,0.0
767074,,,,,
1414267,0.27,0.07,0.07,0.0,0.0
1463419,0.19,0.13,0.13,0.02,0.02
652429,0.11,0.08,0.08,0.0,0.0
1152145,0.11,0.05,0.05,0.0,0.0
783543,0.05,0.02,0.02,0.0,0.0
734391,0.1,0.05,0.05,0.0,0.0
1135811,0.06,0.03,0.03,0.0,0.0
742597,0.2,0.1,0.1,0.02,0.0
816335,0.18,0.02,0.02,0.03,0.03
1316055,0.0,0.0,0.0,0.0,0.0
1168599,1.0,0.5,0.5,0.0,0.0
890090,0.07,0.02,0.02,0.0,0.0
1152246,0.29,0.14,0.14,0.0,0.0
791801,,,,,
791802,,,,,
791803,,,,,
791804,,,,,
1324286,0.0,0.0,0.0,0.0,0.0
1209603,0.5,0.33,0.33,0.0,0.0
652564,0.06,0.04,0.04,0.0,0.0
1168674,0.43,0.14,0.14,0.0,0.0
693569,0.09,0.04,0.04,0.0,0.0
1283395,0.0,0.0,0.0,0.0,0.0
1209671,0.2,0.2,0.2,0.0,0.0
218443,1.0,1.0,1.0,0.0,0.0
808270,1.0,1.0,1.0,0.0,0.0
1201511,0.0,0.0,0.0,0.0,0.0
1168755,0.53,0.11,0.11,0.0,0.0
726389,0.27,0.09,0.09,0.02,0.02
1414522,0.71,0.29,0.29,0.03,0.03
644512,0.0,0.0,0.0,0.0,0.0
693696,0.08,0.07,0.07,0.0,0.0
1226183,0.0,0.0,0.0,0.0,0.0
1299927,0.1,0.08,0.08,0.0,0.0
1324511,0.5,0.5,0.5,0.0,0.0
800224,,,,,
1324521,0.0,0.0,0.0,0.0,0.0
1291766,1.0,1.0,1.0,0.0,0.0
734719,0.13,0.11,0.11,0.0,0.0
833041,0.05,0.02,0.02,0.0,0.0
652825,0.4,0.26,0.26,0.02,0.02
636442,0.11,0.09,0.09,0.0,0.0
734775,,,,,
1218105,0.33,0.33,0.33,0.0,0.0
1234491,0.15,0.02,0.02,0.0,0.0
1152593,0.67,0.67,0.67,0.0,0.0
652884,0.53,0.26,0.26,0.03,0.03
1177181,0.1,0.05,0.05,0.0,0.0
1218149,1.0,1.0,1.0,0.0,0.0
1152616,0.33,0.33,0.33,0.0,0.0
1152625,0.33,0.17,0.17,0.0,0.0
1152633,0.5,0.5,0.5,0.0,0.0
112250,0.02,0.02,0.02,0.0,0.0
1308287,0.07,0.05,0.05,0.0,0.0
1308288,,,,,
734848,0.08,0.04,0.04,0.0,0.0
685696,0.17,0.03,0.03,0.0,0.0
808579,0.05,0.05,0.05,0.0,0.0
1365644,0.25,0.25,0.25,0.0,0.0
1365675,0.33,0.33,0.33,0.0,0.0
702124,,,,,
702125,,,,,
702126,,,,,
1152691,0.33,0.33,0.33,0.0,0.0
1357494,0.13,0.04,0.04,0.01,0.01
1152700,0.29,0.06,0.06,0.0,0.0
767689,0.08,0.01,0.01,0.0,0.0
677581,0.17,0.0,0.0,0.0,0.0
677583,,,,,
653011,1.0,1.0,1.0,0.0,0.0
702170,,,,,
1218266,0.2,0.2,0.2,0.0,0.0
677608,0.0,0.0,0.0,0.0,0.0
677610,,,,,
1152752,0.06,0.02,0.02,0.0,0.0
808690,0.09,0.04,0.04,0.0,0.0
808688,0.25,0.17,0.17,0.0,0.0
1242878,0.1,0.02,0.02,0.0,0.0
1259296,0.11,0.05,0.05,0.0,0.0
1152801,0.06,0.02,0.02,0.0,0.0
710431,,,,,
702276,0.12,0.07,0.07,0.02,0.02
677716,0.2,0.2,0.2,0.0,0.0
751469,0.17,0.11,0.11,0.0,0.0
1193846,0.25,0.25,0.25,0.0,0.0
677781,0.25,0.25,0.25,0.0,0.0
956331,0.13,0.1,0.1,0.0,0.0
767916,0.13,0.09,0.09,0.0,0.0
1218478,0.5,0.5,0.5,0.0,0.0
645046,0.05,0.02,0.02,0.0,0.0
1152953,0.0,0.0,0.0,0.0,0.0
1316800,0.5,0.5,0.5,0.0,0.0
710599,0.06,0.04,0.04,0.0,0.0
1152967,0.17,0.08,0.08,0.0,0.0
677848,,,,,
677850,,,,,
1193958,0.22,0.11,0.11,0.0,0.0
808952,0.14,0.06,0.06,0.04,0.02
874488,0.07,0.05,0.05,0.0,0.0
677884,,,,,
677891,0.0,0.0,0.0,0.0,0.0
800785,0.21,0.12,0.12,0.0,0.0
1259546,1.0,1.0,1.0,0.0,0.0
1243172,0.5,0.5,0.5,0.0,0.0
808999,0.22,0.11,0.11,0.0,0.0
1325098,0.5,0.17,0.17,0.0,0.0
677943,,,,,
677944,0.14,0.14,0.14,0.0,0.0
882747,0.07,0.05,0.05,0.0,0.0
669762,0.13,0.08,0.08,0.0,0.0
694340,0.0,0.0,0.0,0.0,0.0
1218630,0.12,0.12,0.12,0.0,0.0
817233,0.16,0.12,0.12,0.0,0.0
1153106,0.0,0.0,0.0,0.0,0.0
1243223,0.5,0.5,0.5,0.0,0.0
653399,,,,,
1308766,,,,,
653423,,,,,
1415282,0.18,0.08,0.08,0.0,0.0
1218677,1.0,1.0,1.0,0.0,0.0
1349753,0.12,0.09,0.09,0.0,0.0
1415299,0.11,0.05,0.05,0.0,0.0
1243268,0.5,0.5,0.5,0.0,0.0
1284247,0.13,0.09,0.09,0.0,0.0
653464,,,,,
653463,,,,,
653480,,,,,
784563,,,,,
1259703,0.17,0.17,0.17,0.0,0.0
1145015,0.78,0.67,0.67,0.0,0.0
620725,0.02,0.02,0.02,0.0,0.0
1415355,0.38,0.31,0.31,0.0,0.0
686273,0.07,0.07,0.07,0.0,0.0
1415390,0.59,0.24,0.24,0.03,0.03
1407227,0.1,0.02,0.02,0.0,0.0
1415424,0.16,0.05,0.05,0.0,0.0
1169667,0.17,0.17,0.17,0.0,0.0
710923,0.1,0.06,0.06,0.0,0.0
825613,0.12,0.1,0.1,0.0,0.0
858393,0.19,0.17,0.17,0.0,0.0
1325366,0.0,0.0,0.0,0.0,0.0
1325371,0.5,0.5,0.5,0.0,0.0
1325378,0.67,0.33,0.33,0.0,0.0
801096,0.04,0.04,0.04,0.0,0.0
678220,0.12,0.09,0.09,0.0,0.0
694607,0.09,0.0,0.0,0.02,0.02
1087830,0.17,0.0,0.0,0.0,0.0
686456,0.11,0.07,0.07,0.0,0.0
629140,0.14,0.12,0.12,0.0,0.0
104856,0.07,0.05,0.05,0.0,0.0
1251771,0.19,0.03,0.03,0.0,0.0
104895,0.05,0.05,0.05,0.0,0.0
1464784,,,,,
1464786,,,,,
637395,0.09,0.07,0.07,0.0,0.0
104924,0.1,0.05,0.05,0.03,0.0
743902,0.06,0.04,0.04,0.0,0.0
678385,0.1,0.03,0.03,0.0,0.0
702966,0.08,0.03,0.03,0.0,0.0
1464829,0.24,0.16,0.16,0.0,0.0
1251848,0.5,0.5,0.5,0.0,0.0
1325582,1.0,1.0,1.0,0.0,0.0
1325583,,,,,
1350158,0.44,0.32,0.32,0.04,0.04
1415701,0.1,0.08,0.08,0.0,0.0
825878,0.15,0.11,0.11,0.0,0.0
1464864,0.0,0.0,0.0,0.0,0.0
1464865,,,,,
1325601,,,,,
752165,0.08,0.06,0.06,0.0,0.0
752173,,,,,
113199,0.05,0.0,0.0,0.0,0.0
752174,0.06,0.04,0.04,0.0,0.0
784972,,,,,
1415759,0.15,0.11,0.11,0.0,0.0
842335,0.06,0.04,0.04,0.0,0.0
1251944,0.5,0.5,0.5,0.0,0.0
703082,0.08,0.06,0.06,0.0,0.0
793203,0.11,0.09,0.09,0.0,0.0
629371,,,,,
629372,,,,,
105100,0.08,0.06,0.06,0.0,0.0
1464991,0.67,0.33,0.33,0.0,0.0
1465000,0.5,0.5,0.5,0.0,0.0
1350315,0.02,0.02,0.02,0.0,0.0
1309356,,,,,
1112749,0.15,0.12,0.12,0.0,0.0
1465007,0.3,0.22,0.22,0.0,0.0
662195,0.13,0.12,0.12,0.0,0.0
719550,0.02,0.02,0.02,0.0,0.0
752323,0.31,0.17,0.17,0.02,0.02
1465027,0.67,0.33,0.33,0.0,0.0
1465036,0.29,0.14,0.14,0.0,0.0
1465043,1.0,0.0,0.0,0.0,0.0
105176,0.09,0.07,0.07,0.0,0.0
629473,0.08,0.08,0.08,0.0,0.0
678634,0.1,0.06,0.06,0.0,0.0
1325805,0.5,0.5,0.5,0.0,0.0
654063,0.13,0.08,0.08,0.0,0.0
629492,0.02,0.02,0.02,0.0,0.0
1325814,0.33,0.33,0.33,0.0,0.0
670455,0.11,0.04,0.04,0.02,0.02
776955,0.02,0.0,0.0,0.0,0.0
1252092,0.13,0.06,0.06,0.0,0.0
1325824,0.5,0.5,0.5,0.0,0.0
1350410,0.1,0.05,0.05,0.0,0.0
105228,0.02,0.02,0.02,0.0,0.0
1121040,0.12,0.06,0.06,0.0,0.0
1465110,1.0,0.0,0.0,0.0,0.0
662294,0.04,0.04,0.04,0.0,0.0
1465112,1.0,0.0,0.0,0.0,0.0
678684,0.12,0.08,0.08,0.0,0.0
1309477,1.0,1.0,1.0,0.0,0.0
1325864,1.0,1.0,1.0,0.0,0.0
695082,0.06,0.06,0.06,0.0,0.0
1465132,1.0,0.0,0.0,0.0,0.0
1465140,,,,,
1325878,1.0,1.0,1.0,0.0,0.0
105283,0.12,0.1,0.1,0.0,0.0
719681,0.11,0.07,0.07,0.0,0.0
1325897,1.0,1.0,1.0,0.0,0.0
105290,0.09,0.07,0.07,0.0,0.0
1309533,0.0,0.0,0.0,0.0,0.0
662367,0.11,0.09,0.09,0.0,0.0
1325924,1.0,1.0,1.0,0.0,0.0
1465194,1.0,0.0,0.0,0.0,0.0
1309547,0.0,0.0,0.0,0.0,0.0
1465196,1.0,0.0,0.0,0.0,0.0
1309556,,,,,
1325940,1.0,1.0,1.0,0.0,0.0
719735,0.02,0.02,0.02,0.0,0.0
1112951,0.22,0.22,0.22,0.0,0.0
801668,0.0,0.0,0.0,0.0,0.0
801670,0.0,0.0,0.0,0.0,0.0
105348,0.12,0.06,0.06,0.03,0.0
801671,1.0,1.0,1.0,0.0,0.0
703375,0.06,0.02,0.02,0.0,0.0
1309584,1.0,1.0,1.0,0.0,0.0
678800,0.26,0.15,0.15,0.02,0.02
629658,0.07,0.07,0.07,0.0,0.0
695195,0.1,0.06,0.06,0.0,0.0
1309599,0.5,0.5,0.5,0.0,0.0
703394,0.11,0.06,0.06,0.06,0.06
1465260,,,,,
1309613,0.33,0.33,0.33,0.0,0.0
1309612,0.5,0.5,0.5,0.0,0.0
662440,0.13,0.1,0.1,0.0,0.0
654263,0.07,0.04,0.04,0.0,0.0
105404,0.0,0.0,0.0,0.0,0.0
662464,0.09,0.06,0.06,0.0,0.0
1309633,0.5,0.5,0.5,0.0,0.0
1465291,1.0,1.0,1.0,0.0,0.0
719818,0.12,0.06,0.06,0.0,0.0
1465295,0.75,0.0,0.0,0.0,0.0
1162190,0.25,0.25,0.25,0.0,0.0
1186768,0.29,0.07,0.07,0.0,0.0
1416158,0.09,0.05,0.05,0.0,0.0
1326089,,,,,
1326093,0.5,0.5,0.5,0.0,0.0
654355,0.02,0.02,0.02,0.0,0.0
1326108,,,,,
1326109,,,,,
818214,0.11,0.11,0.11,0.0,0.0
695341,0.1,0.06,0.06,0.0,0.0
1129522,0.25,0.12,0.12,0.0,0.0
1309746,1.0,1.0,1.0,0.0,0.0
1465411,0.5,0.5,0.5,0.0,0.0
1309765,0.5,0.5,0.5,0.0,0.0
1195080,0.33,0.33,0.33,0.0,0.0
1186890,0.15,0.08,0.08,0.0,0.0
1465432,0.5,0.5,0.5,0.0,0.0
1195110,0.5,0.5,0.5,0.0,0.0
719975,0.14,0.08,0.08,0.0,0.0
1309799,0.5,0.5,0.5,0.0,0.0
679016,0.06,0.04,0.04,0.0,0.0
1334401,0.43,0.14,0.14,0.0,0.0
1080462,0.12,0.07,0.07,0.0,0.0
1334419,1.0,1.0,1.0,0.0,0.0
1113233,0.11,0.06,0.06,0.0,0.0
621719,0.07,0.07,0.07,0.0,0.0
1309852,0.5,0.5,0.5,0.0,0.0
1195164,0.0,0.0,0.0,0.0,0.0
1334441,1.0,1.0,1.0,0.0,0.0
1309868,,,,,
1465517,1.0,1.0,1.0,0.0,0.0
1416368,0.16,0.07,0.07,0.0,0.0
1326277,0.0,0.0,0.0,0.0,0.0
1244360,0.2,0.14,0.14,0.0,0.0
1334471,0.5,0.5,0.5,0.0,0.0
1465553,0.5,0.5,0.5,0.0,0.0
1416417,0.1,0.06,0.06,0.0,0.0
974053,0.11,0.04,0.04,0.0,0.0
1326311,1.0,1.0,1.0,0.0,0.0
728303,0.13,0.09,0.09,0.0,0.0
695536,0.08,0.06,0.06,0.0,0.0
1080565,0.07,0.07,0.07,0.0,0.0
769263,1.0,0.0,0.0,0.0,0.0
769273,0.67,0.0,0.0,0.0,0.0
810235,0.05,0.0,0.0,0.0,0.0
802053,,,,,
1154315,0.5,0.25,0.25,0.0,0.0
695570,0.11,0.09,0.09,0.0,0.0
1318168,0.12,0.08,0.08,0.0,0.0
900377,0.33,0.07,0.07,0.0,0.0
687388,0.17,0.17,0.17,0.0,0.0
1269021,0.53,0.47,0.47,0.0,0.0
711969,0.1,0.04,0.04,0.0,0.0
1080628,0.1,0.08,0.08,0.0,0.0
1318197,0.42,0.08,0.08,0.0,0.0
113985,0.16,0.04,0.04,0.02,0.0
1310027,0.19,0.12,0.12,0.0,0.0
1310035,0.13,0.04,0.04,0.0,0.0
802136,0.13,0.04,0.04,0.0,0.0
1342812,,,,,
777568,0.15,0.0,0.0,0.08,0.08
1178971,0.2,0.05,0.05,0.0,0.0
1178972,,,,,
1326454,,,,,
1211770,0.11,0.02,0.02,0.0,0.0
1301884,0.04,0.04,0.04,0.0,0.0
712065,0.09,0.05,0.05,0.0,0.0
736644,0.08,0.0,0.0,0.03,0.03
1326476,,,,,
1326477,,,,,
753041,0.07,0.02,0.02,0.0,0.0
89500,0.05,0.05,0.05,0.0,0.0
1465769,,,,,
1146285,0.21,0.06,0.06,0.03,0.03
1154476,0.21,0.13,0.13,0.0,0.0
712141,0.12,0.04,0.04,0.0,0.0
1310161,0.12,0.09,0.09,0.0,0.0
785882,0.1,0.07,0.07,0.0,0.0
654828,0.13,0.11,0.11,0.0,0.0
1310192,0.07,0.02,0.02,0.0,0.0
761346,0.14,0.05,0.05,0.0,0.0
1310224,0.08,0.03,0.03,0.0,0.0
89620,0.06,0.06,0.06,0.0,0.0
1138203,0.07,0.04,0.04,0.0,0.0
818721,0.14,0.09,0.09,0.0,0.0
704055,,,,,
1416779,0.09,0.02,0.02,0.0,0.0
1072717,0.12,0.05,0.05,0.0,0.0
1392289,0.14,0.05,0.05,0.0,0.0
687783,,,,,
679608,0.24,0.19,0.19,0.0,0.0
655035,,,,,
1179324,0.5,0.5,0.5,0.0,0.0
655037,,,,,
679615,0.12,0.0,0.0,0.0,0.0
605891,0.07,0.07,0.07,0.0,0.0
712387,0.1,0.03,0.03,0.0,0.0
1154759,0.08,0.08,0.08,0.0,0.0
712405,0.05,0.04,0.04,0.0,0.0
655065,,,,,
1416922,0.18,0.08,0.08,0.0,0.0
1179353,0.5,0.5,0.5,0.0,0.0
1310431,0.5,0.5,0.5,0.0,0.0
1138407,0.08,0.02,0.02,0.0,0.0
1179368,0.5,0.5,0.5,0.0,0.0
802548,0.5,0.5,0.5,0.0,0.0
1310453,0.0,0.0,0.0,0.0,0.0
802549,1.0,1.0,1.0,0.0,0.0
1335035,0.1,0.07,0.07,0.0,0.0
679685,0.25,0.25,0.25,0.0,0.0
720650,0.04,0.04,0.04,0.0,0.0
655115,,,,,
1179405,0.5,0.25,0.25,0.0,0.0
868114,0.2,0.09,0.09,0.0,0.0
655125,,,,,
679713,0.0,0.0,0.0,0.0,0.0
1310498,0.18,0.09,0.09,0.0,0.0
761636,0.07,0.05,0.05,0.0,0.0
1228583,0.5,0.5,0.5,0.0,0.0
1171269,0.25,0.25,0.25,0.0,0.0
1269585,0.5,0.5,0.5,0.0,0.0
1335136,0.0,0.0,0.0,0.0,0.0
1335137,,,,,
630629,0.04,0.04,0.04,0.0,0.0
1326952,0.5,0.5,0.5,0.0,0.0
1318777,0.5,0.5,0.5,0.0,0.0
1154938,0.09,0.09,0.09,0.0,0.0
1220478,0.5,0.5,0.5,0.0,0.0
999307,0.08,0.08,0.08,0.0,0.0
1179533,0.33,0.33,0.33,0.0,0.0
671631,0.5,0.5,0.5,0.0,0.0
982933,0.07,0.02,0.02,0.0,0.0
1318811,0.33,0.33,0.33,0.0,0.0
1343390,0.15,0.1,0.1,0.0,0.0
688046,0.13,0.08,0.08,0.0,0.0
1187762,0.11,0.06,0.06,0.0,0.0
737213,0.2,0.12,0.12,0.0,0.0
1318846,0.32,0.22,0.22,0.0,0.0
778186,0.06,0.04,0.04,0.0,0.0
688089,0.19,0.13,0.13,0.0,0.0
1327064,,,,,
671733,0.0,0.0,0.0,0.0,0.0
671734,,,,,
