kingdom_id,phylum_id,class_id,order_id,family_id,genus_id,strain_id
1,208.0,209.0,2734.0,2735.0,2736.0,20300
1,208.0,209.0,2734.0,2735.0,2736.0,20793
1,208.0,209.0,2734.0,2735.0,2736.0,20677
1,22.0,48.0,433.0,434.0,436.0,20337
1,22.0,48.0,433.0,434.0,436.0,20842
1,208.0,209.0,2734.0,2735.0,2736.0,21127
1,208.0,209.0,2734.0,2735.0,2736.0,20001
1,22.0,48.0,49.0,272.0,273.0,20072
1,208.0,209.0,2734.0,2735.0,2736.0,20149
1,208.0,209.0,2734.0,2735.0,2736.0,20803
1,208.0,209.0,2734.0,2735.0,2736.0,20379
1,191.0,1891.0,1892.0,1983.0,1987.0,20410
1,191.0,1891.0,2026.0,2032.0,2034.0,20307
1,1439.0,1835.0,1836.0,3250.0,3255.0,19932
1,1439.0,1835.0,1836.0,3250.0,3255.0,19933
1,208.0,209.0,2734.0,2735.0,2736.0,21210
1,208.0,209.0,2734.0,2735.0,2736.0,21005
1,208.0,209.0,2734.0,2735.0,2736.0,20324
1,208.0,209.0,2734.0,2735.0,2736.0,20423
1,208.0,209.0,2734.0,2735.0,2736.0,21206
1,208.0,209.0,2734.0,2735.0,2736.0,20174
1,208.0,209.0,2734.0,2735.0,2736.0,20415
1,208.0,209.0,2734.0,2735.0,2736.0,21001
1,208.0,209.0,2734.0,2735.0,2736.0,21250
3442,3495.0,5672.0,6158.0,8391.0,8399.0,21212
1,208.0,209.0,2734.0,2735.0,2736.0,20685
1,208.0,209.0,2734.0,2735.0,2736.0,21248
1,208.0,209.0,2734.0,2735.0,2736.0,20383
3442,3495.0,4707.0,5895.0,5908.0,5911.0,21149
1,22.0,48.0,19958.0,19959.0,20011.0,20027
1,208.0,209.0,2706.0,2707.0,2712.0,20331
1,22.0,48.0,49.0,280.0,281.0,20268
1,208.0,209.0,2734.0,2735.0,2736.0,21246
1,208.0,209.0,2734.0,2735.0,2736.0,21239
1,208.0,209.0,2734.0,2735.0,2736.0,19935
1,208.0,209.0,2644.0,2645.0,2647.0,320660
1,22.0,103.0,1238.0,1255.0,1619.0,320488
1,208.0,209.0,2644.0,2645.0,2647.0,21237
1,208.0,209.0,2734.0,2735.0,2736.0,20367
1,191.0,1891.0,1892.0,1900.0,1902.0,21235
1,208.0,209.0,2644.0,2645.0,2647.0,20949
1,22.0,48.0,49.0,280.0,281.0,21241
1,208.0,209.0,2734.0,2735.0,2736.0,20821
1,208.0,209.0,2734.0,2735.0,2736.0,20232
1,208.0,209.0,2734.0,2735.0,2736.0,20378
1,208.0,209.0,2734.0,2735.0,2736.0,20374
1,208.0,209.0,2734.0,2735.0,2736.0,19984
1,208.0,209.0,2734.0,2735.0,2736.0,20207
1,191.0,1891.0,1892.0,1983.0,1987.0,21231
1,208.0,209.0,2734.0,2735.0,2736.0,20067
1,191.0,1891.0,1892.0,1983.0,1987.0,21233
1,191.0,1891.0,1892.0,1983.0,1987.0,20452
1,191.0,1891.0,1892.0,1983.0,1987.0,21229
1,22.0,103.0,1146.0,1217.0,1222.0,21227
1,1439.0,3030.0,3031.0,3034.0,3045.0,21208
1,1439.0,3030.0,3031.0,3034.0,3035.0,21223
1,22.0,103.0,1146.0,1168.0,1180.0,21200
1,22.0,103.0,1146.0,1217.0,1222.0,21225
1,22.0,103.0,1146.0,1217.0,1222.0,21221
1,22.0,103.0,1146.0,1217.0,1222.0,20474
1,191.0,1891.0,1892.0,1900.0,1902.0,21219
1,191.0,1891.0,1892.0,1983.0,1984.0,21218
1,191.0,1891.0,1892.0,1900.0,1902.0,21220
1,208.0,209.0,2734.0,2735.0,2736.0,20425
1,208.0,209.0,2706.0,2707.0,2723.0,21216
1,22.0,103.0,1146.0,1168.0,1171.0,21211
1,208.0,209.0,2734.0,2735.0,2736.0,21198
3442,3495.0,5738.0,6474.0,7496.0,21213.0,21214
3442,3495.0,4722.0,,6427.0,6432.0,20406
1,22.0,103.0,1146.0,1183.0,1189.0,21204
1,208.0,209.0,2734.0,2735.0,2736.0,21202
1,22.0,23.0,1065.0,1066.0,1068.0,20015
1,22.0,103.0,1146.0,1168.0,1180.0,21196
1,191.0,1891.0,1892.0,1900.0,1902.0,21188
1,22.0,48.0,19958.0,19959.0,20657.0,21193
1,22.0,48.0,19958.0,19959.0,20657.0,21190
1,22.0,48.0,19958.0,19959.0,20657.0,21194
1,22.0,48.0,19958.0,19959.0,20657.0,21192
1,1439.0,3030.0,3031.0,3034.0,3053.0,20939
1,1439.0,3030.0,3031.0,3034.0,3053.0,21187
1,1439.0,3030.0,3031.0,3034.0,3053.0,21183
1,22.0,48.0,19958.0,19959.0,21062.0,21185
1,1439.0,1835.0,1836.0,3250.0,21179.0,21181
1,22.0,48.0,49.0,280.0,20453.0,20457
1,1439.0,3030.0,3031.0,3034.0,3070.0,21178
1,1439.0,3030.0,3031.0,3034.0,3070.0,19986
1,1439.0,3030.0,3031.0,3034.0,3070.0,21162
1,1439.0,3030.0,3031.0,3034.0,3049.0,21176
1,1439.0,3030.0,3031.0,3034.0,3049.0,48042
1,1439.0,3030.0,3031.0,3034.0,3049.0,21174
1,1439.0,3030.0,3031.0,3034.0,3049.0,21172
1,1439.0,3030.0,3031.0,3034.0,3061.0,21170
1,1439.0,3030.0,3031.0,3034.0,3049.0,20999
1,1439.0,3030.0,3031.0,3034.0,3068.0,21169
1,1439.0,3030.0,3031.0,3034.0,3061.0,20439
1,1439.0,3030.0,3031.0,3034.0,3068.0,21167
1,1439.0,3030.0,3031.0,3034.0,3052.0,21165
1,1439.0,3030.0,3031.0,3034.0,3095.0,21164
1,22.0,103.0,1146.0,1183.0,1185.0,21160
1,1439.0,3030.0,3031.0,3034.0,3070.0,19923
1,22.0,23.0,85.0,734.0,738.0,21158
1,1439.0,3030.0,3031.0,3034.0,3070.0,20709
1,1439.0,3030.0,3031.0,3034.0,3070.0,21156
1,1439.0,3030.0,3031.0,3034.0,3116.0,21154
1,22.0,48.0,487.0,501.0,503.0,219503
1,22.0,48.0,545.0,546.0,20195.0,21131
1,1439.0,3030.0,3031.0,3034.0,3049.0,21151
1,1439.0,3030.0,3031.0,3034.0,3063.0,20966
1,208.0,209.0,2706.0,2707.0,2716.0,21137
1,208.0,209.0,2644.0,2645.0,2646.0,21148
1,208.0,209.0,2706.0,2707.0,2708.0,21146
1,208.0,209.0,2706.0,2707.0,2708.0,21145
1,208.0,209.0,2734.0,2735.0,2736.0,21143
1,208.0,209.0,2734.0,2735.0,2736.0,20313
1,208.0,209.0,2706.0,2707.0,2708.0,21009
1,1439.0,3171.0,3172.0,19992.0,19993.0,20897
1,1439.0,3171.0,3172.0,19992.0,19993.0,20894
1,208.0,209.0,2644.0,2645.0,2647.0,21133
1,208.0,209.0,2446.0,,48224.0,48226
1,208.0,209.0,2734.0,2735.0,2736.0,21139
1,208.0,209.0,2734.0,2735.0,2736.0,47838
1,1439.0,3171.0,3172.0,19992.0,19993.0,48175
1,1439.0,3171.0,3172.0,19992.0,19993.0,20246
1,1439.0,3171.0,3172.0,19992.0,19993.0,20893
1,1439.0,3171.0,3172.0,19992.0,19993.0,47712
1,208.0,209.0,2740.0,2758.0,2759.0,21135
1,208.0,209.0,2734.0,2735.0,2736.0,21129
1,22.0,48.0,545.0,564.0,565.0,21126
1,22.0,48.0,545.0,564.0,565.0,20127
1,22.0,48.0,545.0,564.0,565.0,21125
1,22.0,48.0,545.0,564.0,565.0,21123
1,22.0,48.0,545.0,564.0,565.0,19971
1,22.0,48.0,545.0,564.0,565.0,20801
1,22.0,48.0,545.0,564.0,565.0,21124
1,22.0,48.0,545.0,564.0,565.0,19948
1,22.0,48.0,545.0,564.0,565.0,20933
1,22.0,48.0,545.0,564.0,565.0,20433
1,22.0,48.0,545.0,564.0,565.0,19941
1,22.0,48.0,545.0,564.0,565.0,20935
1,22.0,48.0,545.0,564.0,565.0,20931
1,22.0,48.0,545.0,564.0,565.0,20449
1,22.0,48.0,545.0,564.0,565.0,21879
1,22.0,48.0,545.0,564.0,565.0,20910
1,22.0,48.0,545.0,564.0,565.0,21122
1,22.0,48.0,545.0,564.0,565.0,20904
1,22.0,48.0,545.0,564.0,565.0,21120
1,22.0,48.0,545.0,564.0,565.0,21118
1,22.0,48.0,545.0,564.0,565.0,20899
1,22.0,48.0,545.0,564.0,565.0,21116
1,22.0,48.0,545.0,564.0,565.0,21114
1,22.0,48.0,545.0,564.0,565.0,21112
1,22.0,48.0,545.0,564.0,565.0,21102
1,22.0,48.0,545.0,564.0,565.0,21110
1,22.0,48.0,545.0,564.0,565.0,21108
1,22.0,48.0,545.0,564.0,565.0,21099
1,22.0,48.0,545.0,564.0,565.0,21106
1,22.0,48.0,545.0,564.0,565.0,21104
1,22.0,48.0,545.0,564.0,565.0,20437
1,22.0,48.0,545.0,564.0,565.0,21097
1,22.0,48.0,545.0,564.0,565.0,21100
1,22.0,48.0,545.0,564.0,565.0,20827
1,22.0,48.0,545.0,564.0,565.0,21095
1,22.0,48.0,545.0,568.0,570.0,21007
1,208.0,209.0,2734.0,2735.0,2736.0,20413
1,208.0,209.0,2734.0,2735.0,2736.0,20463
1,208.0,209.0,2734.0,2735.0,2736.0,20431
1,208.0,209.0,2734.0,2735.0,2736.0,19999
1,22.0,103.0,1146.0,1217.0,1218.0,320265
1,208.0,209.0,2734.0,2735.0,2736.0,20998
1,22.0,23.0,1065.0,1066.0,1072.0,20674
1,208.0,1552.0,1553.0,2834.0,2835.0,20670
1,22.0,23.0,907.0,908.0,939.0,19927
1,22.0,23.0,822.0,862.0,874.0,20653
1,22.0,48.0,19958.0,19959.0,20989.0,20991
1,208.0,209.0,2734.0,2735.0,2737.0,20996
1,22.0,48.0,433.0,19928.0,20992.0,20994
1,22.0,48.0,49.0,280.0,20453.0,20455
1,208.0,209.0,2446.0,20985.0,20986.0,20988
1,22.0,48.0,49.0,280.0,20453.0,20889
1,22.0,48.0,49.0,280.0,20453.0,20883
1,22.0,48.0,49.0,280.0,20453.0,20887
1,1439.0,3030.0,3031.0,3034.0,3053.0,20959
1,1439.0,3030.0,3031.0,3034.0,3107.0,20984
1,1439.0,3030.0,3031.0,3034.0,3107.0,20982
1,1439.0,3030.0,3031.0,3034.0,3068.0,20945
1,1439.0,3030.0,3031.0,3034.0,3108.0,20980
1,1439.0,3030.0,3031.0,3034.0,3052.0,20978
1,1439.0,3030.0,3031.0,3034.0,3052.0,20976
1,191.0,1891.0,1892.0,1900.0,1913.0,20788
1,1439.0,3030.0,3031.0,3034.0,3070.0,20974
1,1439.0,3030.0,3031.0,3034.0,3070.0,20972
1,22.0,23.0,1114.0,1115.0,1116.0,20968
1,1439.0,3030.0,3031.0,3034.0,3082.0,20965
1,22.0,23.0,85.0,708.0,720.0,20970
1,1439.0,3030.0,3031.0,3034.0,3063.0,20963
1,1439.0,3030.0,3031.0,3034.0,3053.0,20961
1,1439.0,3030.0,3031.0,3034.0,3053.0,20419
1,1439.0,3030.0,3031.0,3034.0,3053.0,20957
1,1439.0,3030.0,3031.0,3034.0,3049.0,20951
1,1439.0,3030.0,3031.0,3034.0,3049.0,20955
1,1439.0,3030.0,3031.0,3034.0,3053.0,20937
1,1439.0,3030.0,3031.0,3034.0,3049.0,20953
1,22.0,48.0,433.0,434.0,436.0,20941
1,1439.0,3030.0,3031.0,3034.0,3095.0,20947
1,22.0,103.0,1146.0,1168.0,1178.0,20943
1,22.0,48.0,433.0,434.0,436.0,20927
1,208.0,209.0,1506.0,2632.0,2633.0,20929
1,22.0,48.0,433.0,434.0,436.0,20355
1,22.0,23.0,822.0,823.0,825.0,20359
1,1439.0,3030.0,3031.0,3034.0,3070.0,20335
1,22.0,48.0,49.0,272.0,273.0,320192
1,22.0,23.0,85.0,734.0,738.0,20351
1,22.0,23.0,85.0,734.0,738.0,20347
1,22.0,23.0,85.0,734.0,738.0,19921
1,22.0,23.0,85.0,734.0,738.0,20345
1,22.0,48.0,433.0,434.0,436.0,20926
1,22.0,48.0,433.0,434.0,436.0,20343
1,22.0,103.0,1146.0,1168.0,1172.0,20341
1,1439.0,3030.0,3031.0,3034.0,3043.0,20339
1,22.0,23.0,85.0,734.0,738.0,20333
1,208.0,209.0,2446.0,,20371.0,20405
1,22.0,48.0,19958.0,19959.0,20092.0,20291
1,22.0,48.0,19958.0,19959.0,20255.0,20257
1,1439.0,3171.0,3172.0,3173.0,3175.0,20270
1,22.0,103.0,1146.0,1183.0,1188.0,20266
1,22.0,48.0,19958.0,19959.0,20295.0,20296
1,22.0,23.0,822.0,823.0,826.0,20267
1,22.0,23.0,907.0,908.0,939.0,20259
1,22.0,48.0,49.0,280.0,281.0,19956
1,22.0,48.0,49.0,280.0,281.0,20285
1,22.0,103.0,1146.0,1217.0,1218.0,20283
1,22.0,48.0,19958.0,19959.0,20255.0,20823
1,1439.0,3171.0,3172.0,19992.0,19993.0,20279
1,22.0,48.0,49.0,280.0,281.0,19954
1,22.0,23.0,822.0,823.0,825.0,20260
1,22.0,48.0,49.0,280.0,281.0,20287
1,22.0,48.0,545.0,546.0,20195.0,20924
1,22.0,103.0,1146.0,1168.0,1182.0,20302
1,22.0,23.0,907.0,908.0,950.0,20922
1,22.0,23.0,822.0,823.0,825.0,20304
1,22.0,103.0,1146.0,1217.0,1223.0,20920
1,22.0,23.0,822.0,823.0,825.0,20833
1,22.0,23.0,822.0,823.0,826.0,20264
1,22.0,23.0,907.0,908.0,950.0,20281
1,22.0,23.0,822.0,823.0,826.0,20276
1,22.0,23.0,822.0,823.0,826.0,20275
1,22.0,48.0,487.0,527.0,528.0,20289
1,22.0,48.0,49.0,280.0,281.0,20273
1,22.0,103.0,1146.0,1217.0,1218.0,20262
1,22.0,48.0,433.0,434.0,435.0,20739
1,1439.0,3030.0,3031.0,3157.0,20916.0,20918
1,1439.0,3171.0,3172.0,19992.0,19993.0,20911
1,1439.0,3171.0,3172.0,19992.0,19993.0,20915
1,22.0,48.0,49.0,280.0,281.0,20914
1,1439.0,3171.0,3172.0,19992.0,19993.0,20913
1,1439.0,3030.0,3031.0,3034.0,3035.0,48359
1,1439.0,3171.0,3172.0,19992.0,19993.0,48167
1,208.0,209.0,2734.0,2735.0,2736.0,20906
1,208.0,209.0,2734.0,2735.0,2736.0,20908
1,1439.0,3171.0,3172.0,19992.0,19993.0,47645
1,1439.0,3171.0,3172.0,19992.0,19993.0,20248
1,1439.0,3171.0,3172.0,19992.0,19993.0,48128
1,208.0,209.0,2734.0,2735.0,2736.0,20243
1,1439.0,3171.0,3172.0,19992.0,20900.0,48168
1,208.0,1552.0,1553.0,2834.0,2835.0,20852
1,208.0,1552.0,1553.0,2834.0,2835.0,20443
1,22.0,48.0,433.0,19928.0,19929.0,19931
1,208.0,209.0,2706.0,2707.0,2708.0,20868
1,208.0,209.0,2706.0,2707.0,2708.0,20885
1,208.0,209.0,2706.0,2707.0,2708.0,20879
1,208.0,209.0,1506.0,2632.0,2633.0,20881
1,208.0,209.0,2673.0,2692.0,2700.0,20877
1,22.0,48.0,49.0,280.0,281.0,20681
1,191.0,1891.0,1892.0,1983.0,1984.0,20875
1,22.0,48.0,433.0,19928.0,19929.0,20874
1,208.0,209.0,2734.0,2735.0,2736.0,20872
1,22.0,103.0,1146.0,1168.0,1178.0,20871
1,22.0,48.0,433.0,434.0,436.0,20869
1,22.0,48.0,433.0,434.0,436.0,20866
1,22.0,103.0,1146.0,1168.0,1178.0,20864
1,22.0,103.0,1238.0,1255.0,1263.0,20862
1,22.0,103.0,1146.0,1168.0,1178.0,20191
1,22.0,48.0,433.0,434.0,436.0,20843
1,22.0,103.0,1146.0,1168.0,1178.0,20860
1,22.0,48.0,19958.0,19959.0,20295.0,20854
1,22.0,48.0,433.0,434.0,436.0,20189
1,22.0,48.0,433.0,434.0,436.0,20858
1,1439.0,1835.0,1836.0,3250.0,3251.0,20851
1,22.0,48.0,19958.0,19959.0,20255.0,20856
1,22.0,48.0,433.0,434.0,436.0,20837
1,22.0,48.0,433.0,434.0,436.0,20847
1,22.0,48.0,433.0,434.0,436.0,20181
1,22.0,48.0,433.0,434.0,436.0,20183
1,22.0,48.0,433.0,434.0,436.0,20836
1,22.0,103.0,1146.0,1168.0,1175.0,20450
1,22.0,103.0,1146.0,1168.0,1175.0,20178
1,22.0,103.0,1146.0,1168.0,1175.0,20845
1,22.0,23.0,907.0,908.0,909.0,20447
1,22.0,103.0,1146.0,1168.0,1175.0,20848
1,22.0,48.0,545.0,546.0,20195.0,20197
1,22.0,48.0,433.0,434.0,436.0,20179
1,22.0,48.0,433.0,434.0,436.0,20849
1,22.0,48.0,433.0,434.0,436.0,20200
1,191.0,1891.0,1892.0,1983.0,1985.0,48343
1,22.0,48.0,433.0,434.0,436.0,19925
1,22.0,48.0,433.0,434.0,436.0,20192
1,22.0,103.0,1146.0,1168.0,1175.0,20841
1,22.0,48.0,487.0,488.0,1589.0,20194
1,208.0,1552.0,1553.0,2834.0,2835.0,20470
1,22.0,23.0,822.0,823.0,826.0,20187
1,22.0,48.0,433.0,19928.0,19929.0,20839
1,22.0,48.0,433.0,434.0,436.0,20185
1,22.0,103.0,1146.0,1168.0,1178.0,20441
1,191.0,1891.0,1892.0,1994.0,1996.0,20835
1,22.0,48.0,49.0,280.0,281.0,20829
1,22.0,23.0,1065.0,1066.0,1072.0,20831
1,1439.0,3171.0,3172.0,19992.0,19993.0,20824
1,1439.0,3171.0,3172.0,19992.0,19993.0,20825
1,1439.0,3171.0,3172.0,19992.0,19993.0,20106
1,208.0,209.0,2740.0,2758.0,2759.0,20819
1,1439.0,3171.0,3172.0,19992.0,19993.0,20817
1,22.0,23.0,822.0,823.0,826.0,48053
1,1439.0,3171.0,3172.0,19992.0,19993.0,20118
1,1439.0,3171.0,3172.0,19992.0,20123.0,20124
1,1439.0,3171.0,3172.0,19992.0,19993.0,48129
1,1480.0,1485.0,1486.0,1487.0,1488.0,20112
1,1439.0,3171.0,3172.0,19992.0,19993.0,20115
1,22.0,23.0,822.0,823.0,826.0,20108
1,1439.0,3171.0,3172.0,19992.0,20101.0,20103
1,208.0,209.0,2644.0,2645.0,2668.0,20815
1,191.0,1891.0,1892.0,1983.0,1987.0,20668
1,191.0,1891.0,1892.0,1983.0,1987.0,20806
1,191.0,1891.0,1892.0,1983.0,1987.0,20666
1,22.0,103.0,1146.0,1168.0,1171.0,20664
1,22.0,103.0,1146.0,1217.0,1222.0,20662
1,22.0,48.0,19958.0,19959.0,20657.0,20659
1,1439.0,3030.0,3031.0,3034.0,3115.0,20661
1,1439.0,3030.0,3031.0,3034.0,3035.0,20654
1,191.0,1891.0,1892.0,1983.0,1987.0,20649
1,191.0,1891.0,1892.0,1983.0,1987.0,20651
1,191.0,1891.0,1892.0,1983.0,1987.0,20647
1,191.0,1891.0,1892.0,1983.0,1987.0,20645
1,191.0,1891.0,1892.0,1983.0,1987.0,20639
1,191.0,1891.0,1892.0,1983.0,1987.0,20643
1,191.0,1891.0,1892.0,1983.0,1987.0,20641
1,22.0,48.0,49.0,272.0,273.0,20486
1,22.0,23.0,822.0,862.0,878.0,20096
1,1439.0,3030.0,3031.0,3034.0,3130.0,20484
1,22.0,103.0,1146.0,1217.0,1222.0,20480
1,22.0,103.0,1146.0,1217.0,1222.0,20476
1,22.0,48.0,19958.0,19959.0,19960.0,20472
1,208.0,209.0,2740.0,2741.0,2745.0,20468
1,1439.0,3030.0,3031.0,3034.0,3063.0,20467
1,208.0,209.0,2734.0,2735.0,2736.0,20461
1,22.0,48.0,589.0,590.0,591.0,20459
1,22.0,48.0,589.0,590.0,591.0,20445
1,208.0,209.0,2706.0,2707.0,2728.0,20435
1,208.0,209.0,2734.0,2735.0,2736.0,20427
1,208.0,209.0,2734.0,2735.0,2736.0,20429
1,22.0,23.0,822.0,862.0,878.0,20421
1,208.0,209.0,2644.0,2645.0,2646.0,20006
1,1439.0,3030.0,3031.0,3034.0,3107.0,20417
3442,3495.0,5738.0,7828.0,7829.0,7830.0,20048
1,22.0,48.0,19958.0,19959.0,20075.0,20080
3442,3495.0,5738.0,6539.0,7919.0,20407.0,20408
3442,3495.0,5672.0,6158.0,8305.0,8308.0,20050
3442,3495.0,5672.0,6150.0,7006.0,7007.0,20411
1,208.0,209.0,2706.0,2707.0,2708.0,20399
1,22.0,23.0,85.0,749.0,1591.0,21578
1,197.0,198.0,199.0,200.0,201.0,20471
1,191.0,1452.0,2114.0,2265.0,2273.0,232088
1,22.0,48.0,49.0,280.0,281.0,19957
1,22.0,48.0,49.0,280.0,281.0,21687
1,191.0,1891.0,1892.0,1983.0,1984.0,19980
1,208.0,209.0,2734.0,2735.0,2736.0,20746
1,22.0,48.0,19958.0,19959.0,19989.0,40552
1,22.0,48.0,285.0,349.0,355.0,320442
1,208.0,209.0,2706.0,2707.0,2716.0,20087
1,208.0,209.0,2706.0,2707.0,2717.0,47755
1,208.0,209.0,2706.0,2707.0,2714.0,20223
1,208.0,209.0,2734.0,2735.0,2736.0,20771
1,208.0,209.0,2734.0,2735.0,2736.0,20091
1,208.0,209.0,1512.0,1513.0,1514.0,20795
1,208.0,209.0,2734.0,2735.0,2736.0,20810
1,208.0,209.0,2734.0,2735.0,2736.0,20813
1,208.0,209.0,2734.0,2735.0,2736.0,20199
1,208.0,209.0,2740.0,2765.0,2766.0,20754
1,208.0,209.0,2734.0,2735.0,2736.0,20799
1,208.0,209.0,2734.0,2735.0,2736.0,20397
1,208.0,209.0,2706.0,2707.0,2708.0,20760
1,208.0,209.0,2734.0,2735.0,2736.0,20395
1,208.0,209.0,2734.0,2735.0,2736.0,48189
1,208.0,209.0,2734.0,2735.0,2736.0,20329
1,208.0,209.0,2734.0,2735.0,2736.0,20294
1,208.0,209.0,2734.0,2735.0,2736.0,20309
1,208.0,209.0,2734.0,2735.0,2736.0,20318
1,208.0,209.0,2734.0,2735.0,2736.0,20218
1,208.0,209.0,2734.0,2735.0,2736.0,48040
1,208.0,209.0,2740.0,2741.0,2744.0,20401
1,208.0,209.0,2740.0,2741.0,2749.0,20306
1,208.0,209.0,2734.0,2735.0,2736.0,43117
1,208.0,209.0,2734.0,2735.0,2736.0,20161
1,208.0,209.0,2740.0,2758.0,2759.0,20151
1,208.0,209.0,2644.0,2645.0,2646.0,20155
1,208.0,209.0,2740.0,2765.0,2766.0,20702
1,208.0,209.0,2734.0,2735.0,2736.0,20478
1,208.0,209.0,2734.0,2735.0,2736.0,20465
1,208.0,209.0,2734.0,2735.0,2736.0,20616
1,208.0,209.0,2734.0,2735.0,2736.0,320212
1,208.0,209.0,2734.0,2735.0,2736.0,20699
1,208.0,209.0,2706.0,2707.0,2708.0,20708
1,208.0,209.0,2734.0,2735.0,2736.0,20594
1,208.0,209.0,2734.0,2735.0,2736.0,20512
1,208.0,209.0,2734.0,2735.0,2736.0,20697
1,208.0,209.0,2734.0,2735.0,2736.0,20656
1,208.0,209.0,2644.0,2645.0,2646.0,20695
1,208.0,209.0,2644.0,2645.0,2646.0,20691
1,208.0,209.0,2734.0,2735.0,2736.0,20671
1,208.0,209.0,2734.0,2735.0,2736.0,20687
1,208.0,209.0,2734.0,2735.0,2736.0,20672
1,208.0,209.0,2734.0,2735.0,2736.0,20680
1,208.0,209.0,2734.0,2735.0,2736.0,20683
1,22.0,48.0,19958.0,19959.0,20075.0,20077
1,208.0,209.0,1503.0,2540.0,2542.0,20041
1,208.0,209.0,2673.0,2692.0,2699.0,20221
1,208.0,209.0,2734.0,2735.0,2736.0,20202
1,208.0,209.0,2734.0,2735.0,2736.0,20210
1,208.0,209.0,2734.0,2735.0,2736.0,20227
1,208.0,209.0,2734.0,2735.0,2736.0,20225
1,208.0,209.0,2734.0,2735.0,2736.0,20229
1,191.0,1891.0,2026.0,2032.0,2034.0,19974
1,191.0,1891.0,2026.0,2032.0,2034.0,19973
1,191.0,1891.0,1892.0,1983.0,1985.0,21719
1,208.0,209.0,2734.0,2735.0,2736.0,26219
1,22.0,48.0,363.0,364.0,365.0,21722
1,22.0,48.0,363.0,364.0,365.0,21726
1,22.0,48.0,363.0,364.0,365.0,21731
1,22.0,48.0,363.0,364.0,365.0,21733
1,22.0,48.0,49.0,280.0,281.0,21748
3442,3495.0,5672.0,6158.0,8305.0,20022.0,20058
1,191.0,1891.0,1892.0,1983.0,1984.0,20039
3442,3495.0,5672.0,6158.0,8305.0,20022.0,20024
3442,3495.0,5672.0,6150.0,7006.0,7007.0,20054
3442,3495.0,5738.0,7690.0,7699.0,7700.0,20052
1,191.0,1891.0,2026.0,2027.0,2028.0,20098
1,191.0,1891.0,2026.0,2027.0,2028.0,19939
1,191.0,1891.0,2026.0,2027.0,2028.0,19997
1,197.0,198.0,199.0,200.0,201.0,20700
1,208.0,209.0,2446.0,,20371.0,20372
1,191.0,1452.0,2114.0,2115.0,2117.0,20377
1,191.0,1452.0,2114.0,2115.0,2117.0,21616
1,208.0,209.0,2673.0,2674.0,2675.0,21775
1,208.0,209.0,2457.0,2458.0,2459.0,20311
1,208.0,209.0,2457.0,2458.0,2459.0,19915
1,191.0,1452.0,2114.0,2115.0,2117.0,21584
1,191.0,1891.0,2026.0,2032.0,2034.0,20089
1,22.0,1297.0,1621.0,21611.0,21612.0,21614
1,22.0,48.0,19958.0,19959.0,19960.0,19962
1,191.0,1891.0,2026.0,2032.0,2034.0,19977
1,1439.0,1831.0,1832.0,3185.0,3186.0,20231
1,1439.0,1831.0,1832.0,3185.0,3186.0,21883
1,208.0,209.0,1503.0,2467.0,2468.0,20236
3442,3495.0,5738.0,7690.0,7741.0,7743.0,20021
3442,3495.0,4722.0,6187.0,6370.0,6371.0,20237
1,208.0,209.0,2734.0,2735.0,2736.0,20070
1,208.0,209.0,2734.0,2735.0,2736.0,20234
1,22.0,23.0,85.0,698.0,20789.0,20791
1,191.0,1891.0,1892.0,1900.0,1902.0,20326
1,22.0,103.0,1146.0,1217.0,1218.0,20327
1,22.0,48.0,49.0,280.0,281.0,20082
1,208.0,209.0,2734.0,2735.0,2736.0,20238
1,208.0,209.0,1509.0,2777.0,2778.0,20008
1,22.0,103.0,1146.0,1217.0,1218.0,21581
1,22.0,103.0,1146.0,1217.0,1218.0,21582
1,22.0,103.0,1146.0,1217.0,1218.0,21580
1,22.0,48.0,49.0,280.0,281.0,20034
1,22.0,48.0,433.0,434.0,438.0,20036
1,191.0,1891.0,1892.0,1900.0,1902.0,20084
1,191.0,1891.0,1892.0,1900.0,1902.0,20031
1,22.0,103.0,1146.0,1217.0,1228.0,21750
1,22.0,23.0,85.0,755.0,757.0,20144
3442,3495.0,5672.0,6158.0,8305.0,8308.0,20142
3442,3495.0,5738.0,7690.0,7699.0,7700.0,20140
3442,20133.0,,20134.0,20135.0,20136.0,20138
1,191.0,1891.0,1892.0,1983.0,1984.0,20132
1,191.0,1891.0,1892.0,1900.0,1902.0,20139
1,208.0,209.0,1503.0,2540.0,2544.0,20079
1,191.0,1891.0,2026.0,2032.0,2034.0,20272
1,191.0,1891.0,2026.0,2032.0,2034.0,20130
3442,3495.0,5738.0,7828.0,7829.0,7830.0,19919
3442,3495.0,4722.0,6187.0,6370.0,6371.0,20057
3442,3495.0,5738.0,6487.0,7656.0,7657.0,20055
3442,3495.0,5672.0,6158.0,8305.0,20022.0,20065
3442,3495.0,4707.0,5895.0,5908.0,5911.0,20062
3442,3495.0,4707.0,5895.0,5908.0,5911.0,20060
3442,3495.0,4707.0,5895.0,5908.0,5909.0,20026
3442,3495.0,5672.0,6158.0,8347.0,8358.0,20019
3442,3495.0,5672.0,6150.0,7006.0,7007.0,20017
3442,3574.0,3943.0,4361.0,4362.0,21869.0,21870
1,22.0,48.0,19958.0,19959.0,20011.0,20013
1,191.0,1891.0,1892.0,1900.0,1902.0,20029
1,22.0,48.0,19958.0,19959.0,20011.0,20046
1,22.0,103.0,1146.0,1217.0,1218.0,20043
1,191.0,1891.0,1892.0,1900.0,1902.0,20037
1,191.0,1891.0,1892.0,1900.0,1902.0,20032
1,22.0,48.0,19958.0,19959.0,20011.0,20044
1,208.0,209.0,1503.0,2540.0,2542.0,20085
1,22.0,103.0,1146.0,1217.0,1218.0,20074
1,208.0,209.0,2734.0,2735.0,2736.0,20068
3442,3495.0,5738.0,7690.0,7699.0,7700.0,20063
1,22.0,48.0,49.0,280.0,281.0,21868
1,22.0,48.0,49.0,280.0,281.0,21867
1,191.0,1891.0,2026.0,2027.0,2028.0,19917
1,191.0,1891.0,2026.0,2027.0,2028.0,20163
1,191.0,1891.0,2026.0,2027.0,2028.0,19937
1,191.0,1891.0,2026.0,2027.0,2028.0,19943
1,191.0,1891.0,2026.0,2032.0,2034.0,21597
1,22.0,23.0,822.0,862.0,875.0,20678
1,22.0,23.0,822.0,862.0,875.0,20675
1,22.0,23.0,822.0,862.0,875.0,20676
1,208.0,209.0,1506.0,2619.0,2620.0,19982
1,208.0,209.0,1506.0,2619.0,2620.0,19950
1,208.0,209.0,1506.0,2619.0,2620.0,20122
1,208.0,209.0,1506.0,2619.0,2620.0,20120
1,22.0,103.0,1238.0,1255.0,1619.0,48345
1,22.0,103.0,1146.0,1217.0,1229.0,20298
1,191.0,1891.0,2026.0,2027.0,2028.0,20172
1,191.0,1891.0,2026.0,2027.0,2028.0,20170
1,191.0,1891.0,2026.0,2027.0,2028.0,20168
1,191.0,1891.0,2026.0,2027.0,2028.0,20159
1,191.0,1891.0,2026.0,2027.0,2028.0,20153
1,191.0,1891.0,2026.0,2027.0,2028.0,20146
1,208.0,209.0,1506.0,2619.0,2620.0,20404
1,208.0,209.0,1506.0,2619.0,2620.0,20712
1,208.0,209.0,1506.0,2619.0,2620.0,20710
1,208.0,209.0,1506.0,2619.0,2620.0,20706
1,208.0,209.0,1506.0,2619.0,2620.0,20693
1,208.0,209.0,1506.0,2619.0,2620.0,20704
1,208.0,209.0,1506.0,2619.0,2620.0,20403
1,208.0,209.0,1506.0,2619.0,2620.0,20696
1,208.0,209.0,1506.0,2619.0,2620.0,20694
1,208.0,209.0,1506.0,2619.0,2620.0,20689
1,191.0,1891.0,1892.0,1999.0,2009.0,20764
1,191.0,1891.0,1892.0,1999.0,2010.0,20756
1,191.0,1891.0,1892.0,1999.0,2015.0,20734
1,191.0,1891.0,1892.0,1999.0,2006.0,19913
1,191.0,1891.0,1892.0,1999.0,2006.0,20723
1,191.0,1891.0,1892.0,1999.0,2009.0,20250
1,191.0,1891.0,1892.0,1999.0,2009.0,48041
1,208.0,209.0,1506.0,2619.0,2620.0,20776
1,208.0,209.0,1506.0,2619.0,2620.0,20780
1,208.0,209.0,1506.0,2619.0,2620.0,20784
1,208.0,209.0,1506.0,2619.0,2620.0,20786
1,208.0,209.0,1506.0,2619.0,2620.0,20785
1,208.0,209.0,1506.0,2619.0,2620.0,20782
1,208.0,209.0,1506.0,2619.0,2620.0,20778
1,208.0,209.0,1506.0,2619.0,2620.0,20775
1,208.0,209.0,1506.0,2619.0,2620.0,20773
1,208.0,209.0,1506.0,2619.0,2620.0,20770
1,191.0,1891.0,2026.0,2041.0,2042.0,21851
1,191.0,1891.0,2026.0,2041.0,2042.0,21850
1,191.0,1891.0,2026.0,2041.0,2042.0,21852
1,191.0,1891.0,2026.0,2041.0,2042.0,21858
1,191.0,1891.0,2026.0,2041.0,2042.0,21861
1,191.0,1891.0,2026.0,2041.0,2042.0,21857
1,191.0,1891.0,2026.0,2041.0,2042.0,21855
1,191.0,1891.0,2026.0,2041.0,2042.0,21854
1,191.0,1891.0,2026.0,2032.0,2034.0,20114
1,191.0,1891.0,2026.0,2032.0,2034.0,20126
1,191.0,1891.0,2026.0,2032.0,2034.0,20147
1,191.0,1891.0,2026.0,2032.0,2034.0,20166
1,191.0,1891.0,2026.0,2032.0,2034.0,20105
1,191.0,1891.0,2026.0,2032.0,2034.0,20110
1,191.0,1891.0,2026.0,2032.0,2034.0,20116
1,191.0,1891.0,2026.0,2032.0,2034.0,20128
1,191.0,1891.0,2026.0,2032.0,2034.0,20157
1,191.0,1891.0,2026.0,2032.0,2034.0,20314
1,191.0,1891.0,2026.0,2032.0,2034.0,20315
1,191.0,1891.0,2026.0,2032.0,2034.0,20316
1,191.0,1891.0,2026.0,2032.0,2034.0,20317
1,208.0,209.0,1506.0,2619.0,2620.0,21873
1,208.0,209.0,1506.0,2619.0,2620.0,21874
1,208.0,209.0,1506.0,2619.0,2620.0,21876
1,208.0,209.0,1506.0,2619.0,2620.0,21877
1,208.0,209.0,1506.0,2619.0,2620.0,21872
1,1439.0,3171.0,3172.0,19992.0,19993.0,47660
3442,3495.0,4707.0,5895.0,5896.0,5901.0,19945
1,191.0,1452.0,2114.0,2162.0,2176.0,21881
1,191.0,1891.0,2026.0,2027.0,2028.0,20203
1,191.0,1891.0,2026.0,2027.0,2028.0,20252
1,191.0,1891.0,2026.0,2027.0,2028.0,20254
1,177.0,1435.0,1436.0,1750.0,1751.0,21888
1,177.0,1435.0,1436.0,1750.0,1751.0,21887
1,191.0,1452.0,2114.0,2207.0,2208.0,20241
1,191.0,1452.0,2114.0,2207.0,2208.0,20240
3442,20133.0,,20134.0,20135.0,20136.0,20361
1,208.0,209.0,2734.0,2735.0,2736.0,20363
1,208.0,209.0,2734.0,2735.0,2736.0,20364
1,22.0,103.0,1238.0,1239.0,1242.0,20357
1,22.0,103.0,1238.0,1239.0,1242.0,20353
3442,3495.0,5672.0,6158.0,7073.0,7086.0,21626
3442,3495.0,4086.0,4087.0,4627.0,21630.0,21632
3442,3495.0,5738.0,7260.0,7261.0,7263.0,21639
3442,3495.0,5672.0,6150.0,7006.0,7007.0,21645
3442,3495.0,5738.0,7260.0,7261.0,7263.0,21650
3442,3495.0,4707.0,5637.0,5888.0,5890.0,21659
3442,3495.0,5738.0,7828.0,7829.0,7830.0,21675
3442,3495.0,4707.0,5895.0,5896.0,5897.0,21047
3442,3495.0,5672.0,6158.0,8305.0,8308.0,21051
3442,3495.0,4707.0,5895.0,5908.0,5911.0,21055
3442,3495.0,4707.0,5895.0,5896.0,5897.0,21056
3442,3495.0,5738.0,7828.0,7829.0,7830.0,21059
3442,3495.0,5738.0,7828.0,7829.0,7830.0,21061
3442,3495.0,4722.0,6187.0,6370.0,6371.0,21670
3442,3495.0,5738.0,7828.0,7829.0,7830.0,21673
3442,3495.0,5672.0,6158.0,8262.0,8275.0,21079
3442,3495.0,4707.0,5895.0,5908.0,5911.0,21081
1,1439.0,3171.0,3172.0,19992.0,19993.0,21084
1,191.0,1891.0,1892.0,1900.0,1902.0,21086
3442,3495.0,5738.0,6539.0,7867.0,7882.0,21089
3442,3495.0,5738.0,7260.0,7261.0,7263.0,21091
3442,3495.0,5672.0,6158.0,,8380.0,21093
3442,3495.0,4707.0,5895.0,5896.0,5897.0,21029
3442,3495.0,5738.0,7566.0,7577.0,7579.0,21031
3442,3495.0,5738.0,7253.0,7254.0,7256.0,21011
3442,3495.0,5738.0,6539.0,7867.0,21012.0,21014
3442,3495.0,5672.0,6108.0,6784.0,6786.0,21017
3442,3495.0,4086.0,4087.0,4627.0,4640.0,21019
3442,3495.0,5738.0,7690.0,7699.0,7702.0,21021
3442,3495.0,5738.0,7828.0,7829.0,7830.0,21022
3442,3495.0,5738.0,7828.0,7829.0,7830.0,21023
3442,3495.0,5672.0,6150.0,7006.0,7007.0,21646
3442,3495.0,5672.0,6147.0,21651.0,21652.0,21654
3442,3495.0,4707.0,5895.0,5908.0,5911.0,21661
3442,3495.0,5672.0,6150.0,7006.0,7007.0,20320
3442,3495.0,5672.0,6150.0,7006.0,7007.0,21035
3442,3495.0,5738.0,7828.0,7829.0,7830.0,21038
1,191.0,1891.0,1892.0,1900.0,1902.0,21040
3442,3495.0,5738.0,7828.0,7829.0,7830.0,21042
3442,3495.0,5738.0,7828.0,7829.0,7830.0,21043
3442,3495.0,5672.0,6150.0,7006.0,7007.0,21623
3442,3495.0,4707.0,5895.0,5908.0,5909.0,21070
3442,3495.0,5738.0,7828.0,7829.0,7830.0,21072
1,22.0,48.0,49.0,280.0,281.0,21073
1,191.0,1891.0,1892.0,1900.0,1902.0,21075
1,191.0,1891.0,1892.0,1900.0,1902.0,21676
1,191.0,1891.0,1892.0,1900.0,1902.0,21049
1,191.0,1891.0,1892.0,1900.0,1902.0,21053
1,22.0,48.0,49.0,280.0,281.0,21057
1,191.0,1891.0,1892.0,1900.0,1902.0,21746
1,22.0,48.0,19958.0,19959.0,20075.0,21747
1,22.0,48.0,49.0,280.0,281.0,21752
1,191.0,1891.0,1892.0,1900.0,1902.0,21080
1,22.0,103.0,1146.0,1168.0,1170.0,21083
1,191.0,1891.0,1892.0,1900.0,1902.0,21085
1,191.0,1891.0,1892.0,1900.0,1902.0,21087
1,191.0,1891.0,1892.0,1900.0,1902.0,21024
1,22.0,48.0,433.0,434.0,21025.0,21027
1,22.0,48.0,49.0,280.0,281.0,21028
1,191.0,1891.0,1892.0,1900.0,1902.0,21030
1,22.0,48.0,49.0,280.0,281.0,21032
1,22.0,48.0,19958.0,19959.0,20011.0,21015
1,22.0,48.0,19958.0,19959.0,21065.0,21754
1,22.0,48.0,49.0,280.0,281.0,21757
1,208.0,209.0,1503.0,2467.0,2486.0,20719
1,208.0,209.0,1503.0,2540.0,2542.0,21760
1,22.0,48.0,19958.0,19959.0,20075.0,21636
1,22.0,48.0,19958.0,19959.0,20011.0,21641
1,191.0,1891.0,1892.0,1900.0,1902.0,21763
1,22.0,23.0,1065.0,1066.0,1068.0,21656
1,191.0,1891.0,1892.0,1900.0,1902.0,21666
1,22.0,48.0,19958.0,19959.0,20075.0,21034
1,22.0,23.0,85.0,749.0,1591.0,21036
1,22.0,48.0,19958.0,19959.0,20657.0,21039
1,22.0,48.0,19958.0,19959.0,21062.0,21063
1,191.0,1891.0,1892.0,1983.0,1984.0,21064
1,22.0,48.0,19958.0,19959.0,21065.0,21067
1,191.0,1891.0,1892.0,1900.0,1943.0,21068
1,191.0,1891.0,1892.0,1900.0,1902.0,21071
1,191.0,1891.0,1892.0,1900.0,1902.0,21767
1,22.0,48.0,19958.0,19959.0,20011.0,21074
1,22.0,23.0,1065.0,1066.0,1068.0,21077
1,191.0,1891.0,1892.0,1900.0,1902.0,21679
1,208.0,209.0,2734.0,2735.0,2736.0,20721
1,191.0,1891.0,1892.0,1983.0,1984.0,21753
1,191.0,1891.0,2026.0,2027.0,2028.0,21595
1,191.0,1891.0,2026.0,2027.0,2028.0,21596
1,191.0,1891.0,2026.0,2027.0,2028.0,21586
1,191.0,1891.0,2026.0,2027.0,2028.0,21588
1,191.0,1891.0,2026.0,2027.0,2028.0,21585
1,191.0,1891.0,2026.0,2027.0,2028.0,21593
1,191.0,1891.0,2026.0,2027.0,2028.0,21590
1,191.0,1891.0,2026.0,2027.0,2028.0,21592
1,191.0,1891.0,2026.0,2027.0,2028.0,21594
1,22.0,1297.0,1645.0,1646.0,1647.0,20176
1,22.0,1297.0,1645.0,1646.0,1647.0,21885
1,22.0,48.0,49.0,280.0,281.0,19963
1,208.0,209.0,2457.0,2458.0,2459.0,19969
1,208.0,209.0,2457.0,2458.0,2459.0,19970
1,208.0,209.0,2457.0,2458.0,2459.0,19975
1,208.0,209.0,2457.0,2458.0,2459.0,19965
1,208.0,209.0,2457.0,2458.0,2459.0,19967
1,22.0,48.0,19958.0,19959.0,19960.0,20215
1,22.0,48.0,19958.0,19959.0,19960.0,20213
1,22.0,48.0,19958.0,19959.0,19960.0,20216
1,22.0,48.0,19958.0,19959.0,19960.0,20219
1,22.0,48.0,19958.0,19959.0,19960.0,20208
1,22.0,48.0,19958.0,19959.0,19960.0,20211
1,191.0,1891.0,1892.0,1893.0,1894.0,21603
1,191.0,1891.0,1892.0,1893.0,1894.0,21599
1,208.0,209.0,1503.0,2467.0,2472.0,21601
1,208.0,209.0,1503.0,2467.0,2472.0,21602
1,22.0,103.0,1146.0,1147.0,1148.0,20322
1,191.0,1891.0,2026.0,2032.0,2034.0,20100
1,191.0,1891.0,2026.0,2032.0,2034.0,20811
1,191.0,1891.0,2026.0,2032.0,2034.0,20808
1,191.0,1891.0,2026.0,2032.0,2034.0,20804
1,208.0,209.0,2457.0,2458.0,2459.0,20388
1,208.0,209.0,2457.0,2458.0,2459.0,20387
1,208.0,209.0,2457.0,2458.0,2459.0,20391
1,208.0,209.0,2457.0,2458.0,2459.0,20390
1,208.0,209.0,2457.0,2458.0,2459.0,20385
1,208.0,209.0,2457.0,2458.0,2459.0,20384
1,208.0,209.0,1503.0,2467.0,2472.0,20370
1,208.0,209.0,1503.0,2467.0,2472.0,20369
1,208.0,209.0,1503.0,2467.0,2471.0,20375
1,208.0,209.0,1503.0,2467.0,2471.0,20381
1,208.0,209.0,1503.0,2467.0,2471.0,20380
1,208.0,209.0,1503.0,2467.0,2471.0,20010
1,208.0,209.0,2706.0,2707.0,2709.0,48424
1,208.0,209.0,2446.0,,,48101
1,208.0,209.0,2446.0,,,48108
1,208.0,209.0,2446.0,,,48096
1,208.0,209.0,2446.0,,,48080
1,208.0,209.0,2446.0,,,48094
1,208.0,209.0,2446.0,,,48076
1,208.0,209.0,2446.0,,,48073
1,208.0,209.0,2446.0,,,48069
1,208.0,209.0,2446.0,,,48093
1,208.0,209.0,2446.0,,,48068
1,208.0,209.0,2446.0,,,48079
1,208.0,209.0,2446.0,,,48072
1,208.0,209.0,2446.0,,,48077
1,208.0,209.0,2446.0,,,48112
1,208.0,209.0,2446.0,,,48082
1,208.0,209.0,2446.0,,,48062
1,208.0,209.0,2446.0,,,48104
1,208.0,209.0,2446.0,,,48059
1,208.0,209.0,2446.0,,,48097
1,208.0,209.0,2446.0,,,48066
1,208.0,209.0,2446.0,,,48091
1,208.0,209.0,2446.0,,,48092
1,22.0,48.0,589.0,590.0,591.0,48411
1,22.0,48.0,285.0,331.0,336.0,48378
1,22.0,103.0,1238.0,1255.0,1619.0,320433
1,191.0,1891.0,1892.0,1994.0,1996.0,47836
1,22.0,103.0,1238.0,1255.0,1272.0,47833
1,22.0,103.0,1146.0,1168.0,1181.0,48402
1,22.0,103.0,1146.0,1217.0,1229.0,47826
1,22.0,103.0,1146.0,1168.0,1181.0,48401
1,22.0,103.0,1238.0,1255.0,1263.0,47837
1,22.0,103.0,1238.0,1255.0,1269.0,48414
1,1439.0,3171.0,3172.0,19992.0,20101.0,48155
1,22.0,48.0,589.0,590.0,591.0,48410
1,1439.0,3171.0,3172.0,19992.0,19993.0,47905
1,208.0,209.0,1503.0,2467.0,2470.0,48335
1,191.0,1891.0,1892.0,1900.0,1909.0,48364
1,22.0,23.0,822.0,862.0,876.0,47685
1,22.0,103.0,1146.0,1217.0,1229.0,47689
1,22.0,103.0,1146.0,1217.0,1229.0,47696
1,22.0,103.0,1146.0,1217.0,1218.0,47688
1,22.0,103.0,1238.0,1255.0,1619.0,47683
1,22.0,103.0,1146.0,1217.0,1229.0,47859
1,22.0,103.0,1238.0,1255.0,1619.0,48195
1,22.0,48.0,285.0,331.0,336.0,48379
1,22.0,48.0,285.0,349.0,355.0,320216
1,208.0,209.0,1509.0,2777.0,2778.0,48353
1,22.0,103.0,1238.0,1255.0,1619.0,48187
1,208.0,209.0,2734.0,2735.0,2736.0,47865
1,208.0,209.0,2734.0,2735.0,2736.0,47847
1,208.0,209.0,1509.0,2777.0,2778.0,48354
1,208.0,209.0,2734.0,2735.0,2736.0,47900
1,208.0,209.0,2734.0,2735.0,2736.0,47888
1,208.0,209.0,2446.0,20985.0,20986.0,47889
1,208.0,209.0,2706.0,2707.0,2716.0,46426
1,22.0,103.0,1146.0,1217.0,1222.0,48407
1,22.0,103.0,1146.0,1168.0,1181.0,48403
1,22.0,103.0,1146.0,1168.0,1181.0,47949
1,22.0,103.0,1146.0,1217.0,1218.0,47669
1,22.0,103.0,1238.0,1255.0,1619.0,47950
1,22.0,103.0,1238.0,1255.0,1270.0,48015
1,22.0,103.0,1146.0,1217.0,1218.0,47948
1,22.0,103.0,1238.0,1255.0,1266.0,47935
1,208.0,209.0,2446.0,,,48078
1,208.0,209.0,2446.0,,,48065
1,208.0,209.0,2446.0,,,48087
1,208.0,209.0,2446.0,,,48089
1,208.0,209.0,2446.0,,,48088
1,208.0,209.0,2446.0,,,48085
1,208.0,209.0,2446.0,,,48090
1,1439.0,3030.0,3031.0,3034.0,3138.0,48395
1,208.0,209.0,1509.0,2777.0,2778.0,47973
1,22.0,23.0,85.0,698.0,20789.0,47970
1,208.0,209.0,2644.0,2645.0,47445.0,48449
1,1439.0,3030.0,3031.0,3034.0,3112.0,320464
1,208.0,209.0,1509.0,2777.0,2778.0,48355
1,208.0,209.0,1506.0,2632.0,2635.0,48394
1,208.0,209.0,2644.0,2645.0,47446.0,48001
1,22.0,23.0,822.0,862.0,886.0,48002
1,208.0,209.0,2644.0,2645.0,2653.0,48446
1,1439.0,1835.0,1836.0,3277.0,47441.0,48362
1,208.0,209.0,2644.0,2645.0,2653.0,48445
1,22.0,103.0,1238.0,1255.0,1266.0,48008
8580,8581.0,,10714.0,10721.0,10723.0,47817
1,208.0,209.0,2446.0,20985.0,20986.0,320465
1,22.0,103.0,1238.0,1255.0,1619.0,48206
1,208.0,209.0,1520.0,1521.0,1522.0,47936
1,22.0,103.0,1238.0,1255.0,1620.0,47861
1,208.0,209.0,1520.0,1521.0,1522.0,48057
1,22.0,48.0,487.0,540.0,541.0,48005
1,208.0,209.0,2644.0,2645.0,47443.0,48447
1,22.0,48.0,487.0,540.0,541.0,48009
1,22.0,48.0,487.0,540.0,541.0,48010
1,208.0,209.0,1520.0,1521.0,1522.0,48329
1,208.0,209.0,1520.0,1521.0,1522.0,48327
1,208.0,209.0,1520.0,1521.0,1522.0,48047
1,22.0,48.0,487.0,540.0,541.0,47745
1,208.0,209.0,1520.0,1521.0,1522.0,47744
1,22.0,103.0,1238.0,1255.0,1619.0,320438
1,208.0,209.0,1520.0,1521.0,1522.0,48328
1,22.0,103.0,1238.0,1255.0,1272.0,48370
1,22.0,1297.0,47436.0,47437.0,47439.0,48338
1,191.0,1891.0,1892.0,1994.0,1996.0,48440
1,22.0,48.0,644.0,645.0,47440.0,47741
1,1439.0,3030.0,3031.0,3034.0,3044.0,41310
1,208.0,209.0,2734.0,2735.0,2736.0,48437
1,208.0,209.0,2446.0,,,48081
1,208.0,209.0,2446.0,,,48095
1,208.0,209.0,2446.0,,,48084
1,208.0,209.0,2446.0,,,48110
1,208.0,209.0,2446.0,,,48074
1,208.0,209.0,2446.0,,,48106
1,208.0,209.0,2446.0,,,48075
1,208.0,209.0,2446.0,,,48109
1,208.0,209.0,2446.0,,,48107
1,208.0,209.0,2446.0,,,48103
1,208.0,209.0,2446.0,,,48098
1,208.0,209.0,2446.0,,,48100
1,208.0,209.0,2446.0,,,48105
1,208.0,209.0,2446.0,,,48083
1,208.0,209.0,2446.0,,,48086
1,208.0,209.0,2446.0,,,48099
1,208.0,209.0,2446.0,,,48102
1,208.0,209.0,2446.0,,,48058
1,208.0,209.0,2446.0,,,48111
1,191.0,1891.0,1892.0,1893.0,1894.0,47976
1,208.0,209.0,2446.0,,,48064
1,208.0,209.0,2446.0,,,48067
1,208.0,209.0,2446.0,,,48063
1,208.0,209.0,2446.0,,,48060
1,208.0,209.0,2446.0,,,48061
1,208.0,209.0,2446.0,,,48070
1,208.0,209.0,2446.0,,,48071
1,1439.0,3171.0,3172.0,19992.0,19993.0,47977
1,1439.0,3171.0,3172.0,19992.0,19993.0,48012
1,22.0,48.0,433.0,434.0,21025.0,47852
1,22.0,48.0,433.0,434.0,21025.0,47703
1,1439.0,3030.0,3031.0,3034.0,3075.0,48356
1,191.0,1891.0,1892.0,1983.0,3346.0,47864
1,191.0,1891.0,1892.0,1983.0,3346.0,47680
1,191.0,1891.0,1892.0,1983.0,3346.0,47845
1,1439.0,3030.0,3031.0,3034.0,3075.0,47844
1,1439.0,3030.0,3031.0,3034.0,3075.0,47843
1,22.0,48.0,433.0,434.0,21025.0,48208
1,22.0,48.0,433.0,434.0,21025.0,47648
1,22.0,23.0,822.0,862.0,868.0,48052
1,22.0,23.0,822.0,862.0,868.0,48051
1,191.0,1891.0,1892.0,1983.0,3346.0,47856
1,191.0,1891.0,1892.0,1983.0,3346.0,47681
1,22.0,23.0,822.0,862.0,868.0,48045
1,208.0,209.0,2734.0,2735.0,2736.0,44172
1,208.0,209.0,2644.0,2645.0,2654.0,47863
1,1439.0,3030.0,3031.0,3034.0,3075.0,47840
1,208.0,209.0,2644.0,2645.0,2654.0,48156
1,208.0,209.0,2644.0,2645.0,2654.0,48442
1,208.0,209.0,2644.0,2645.0,2654.0,47842
1,208.0,209.0,2644.0,2645.0,2654.0,47846
1,1439.0,3030.0,3031.0,3034.0,3062.0,47646
1,1439.0,3030.0,3031.0,3034.0,3051.0,47644
1,1439.0,3030.0,3031.0,3034.0,3051.0,47641
1,1439.0,3030.0,3031.0,3034.0,3051.0,48044
1,1439.0,3030.0,3031.0,3034.0,3113.0,47652
1,1439.0,3030.0,3031.0,3034.0,3076.0,47651
1,1439.0,3030.0,3031.0,3034.0,3041.0,48363
1,1439.0,3030.0,3031.0,3034.0,3106.0,47962
1,1439.0,3030.0,3031.0,3034.0,3078.0,47959
1,1439.0,3030.0,3031.0,3034.0,3058.0,48173
1,1439.0,3030.0,3031.0,3034.0,3058.0,48165
1,1439.0,3030.0,3031.0,3034.0,3078.0,47639
1,22.0,48.0,644.0,645.0,649.0,47640
1,22.0,48.0,644.0,645.0,652.0,48125
1,22.0,48.0,644.0,645.0,649.0,47642
1,1439.0,3030.0,3031.0,3034.0,3153.0,320477
1,1439.0,3030.0,3031.0,3034.0,3101.0,48382
1,22.0,48.0,644.0,645.0,650.0,47960
1,22.0,48.0,644.0,645.0,650.0,47954
1,22.0,48.0,644.0,645.0,650.0,320472
1,1439.0,3030.0,3031.0,3034.0,47448.0,48369
1,1439.0,3030.0,3031.0,3034.0,3051.0,47800
1,1439.0,3030.0,3031.0,3034.0,3051.0,48127
1,22.0,48.0,644.0,645.0,650.0,47653
1,1439.0,3030.0,3031.0,3034.0,3041.0,47655
1,1439.0,3030.0,3031.0,3034.0,3041.0,47643
1,1439.0,3030.0,3031.0,3034.0,3058.0,48123
1,1439.0,3030.0,3031.0,3034.0,3129.0,48413
1,22.0,48.0,644.0,645.0,651.0,48441
1,1439.0,1835.0,1836.0,3277.0,47444.0,47966
1,22.0,48.0,644.0,645.0,651.0,47955
1,208.0,209.0,2644.0,2645.0,2654.0,48443
1,1439.0,3030.0,3031.0,3034.0,3078.0,48405
1,1439.0,3030.0,3031.0,3034.0,3041.0,47964
1,191.0,1891.0,1892.0,1983.0,3346.0,47993
1,191.0,1891.0,1892.0,1983.0,3346.0,47997
1,208.0,209.0,1520.0,1521.0,1522.0,47991
1,208.0,209.0,2644.0,2645.0,2654.0,47987
1,191.0,1891.0,1892.0,1983.0,1989.0,320674
1,191.0,1891.0,1892.0,1983.0,3346.0,48033
1,1439.0,3030.0,3031.0,3034.0,3128.0,48035
1,208.0,209.0,1520.0,1521.0,1522.0,48046
1,208.0,209.0,1520.0,1521.0,1522.0,48029
1,208.0,209.0,2644.0,2645.0,2654.0,48444
1,191.0,1891.0,1892.0,1983.0,1989.0,48361
1,191.0,1891.0,1892.0,1983.0,3346.0,48034
1,191.0,1891.0,1892.0,1983.0,3346.0,48031
1,191.0,1891.0,1892.0,1983.0,3346.0,48030
1,1439.0,3171.0,3172.0,19992.0,19993.0,48143
1,1439.0,1844.0,1845.0,1846.0,1847.0,320413
1,1439.0,3171.0,3172.0,19992.0,19993.0,48141
1,1439.0,1844.0,1845.0,1846.0,1847.0,320432
1,1439.0,3171.0,3172.0,19992.0,19993.0,48139
1,1439.0,3171.0,3172.0,19992.0,19993.0,48138
1,1439.0,3171.0,3172.0,19992.0,19993.0,48137
1,22.0,23.0,907.0,908.0,941.0,47827
1,22.0,23.0,907.0,908.0,941.0,48418
1,22.0,23.0,907.0,908.0,941.0,47830
1,22.0,23.0,907.0,908.0,941.0,47829
1,1439.0,3171.0,3172.0,19992.0,19993.0,47828
1,208.0,209.0,2644.0,2645.0,2647.0,47804
1,208.0,209.0,2706.0,2707.0,2708.0,48330
1,208.0,209.0,2734.0,2735.0,2736.0,47802
1,208.0,209.0,2706.0,2707.0,2718.0,48374
1,208.0,209.0,2734.0,2735.0,2736.0,48436
1,22.0,103.0,1238.0,1255.0,1619.0,320437
1,1439.0,1844.0,1845.0,1846.0,1852.0,48434
1,208.0,209.0,2734.0,2735.0,2736.0,31967
1,191.0,1891.0,1892.0,1999.0,2007.0,48387
1,191.0,1891.0,1892.0,1999.0,2005.0,47704
1,191.0,1891.0,1892.0,1999.0,2005.0,48390
1,191.0,1891.0,1892.0,1999.0,47438.0,48352
1,208.0,209.0,2706.0,2707.0,2710.0,47945
1,22.0,103.0,1146.0,1217.0,1228.0,47728
1,22.0,103.0,1146.0,1217.0,1228.0,47725
1,22.0,103.0,1146.0,1217.0,1228.0,48408
1,22.0,103.0,1146.0,1217.0,1228.0,47724
1,22.0,48.0,19958.0,19959.0,20092.0,48213
1,22.0,48.0,19958.0,19959.0,20092.0,47722
1,22.0,48.0,19958.0,19959.0,20092.0,48212
1,22.0,48.0,285.0,349.0,355.0,320673
1,22.0,48.0,285.0,349.0,355.0,320462
1,22.0,48.0,19958.0,19959.0,20092.0,48211
1,22.0,48.0,19958.0,19959.0,19989.0,47731
1,22.0,48.0,19958.0,19959.0,19989.0,320512
1,22.0,48.0,19958.0,19959.0,19989.0,47729
1,22.0,48.0,19958.0,19959.0,19989.0,47726
1,22.0,103.0,1146.0,1217.0,1228.0,47656
1,191.0,1891.0,1892.0,1999.0,2000.0,48054
1,191.0,1891.0,1892.0,1999.0,2000.0,48161
1,191.0,1891.0,1892.0,1999.0,2000.0,48438
1,191.0,1891.0,1892.0,1999.0,2008.0,48391
1,191.0,1891.0,1892.0,1999.0,2008.0,47943
1,191.0,1891.0,1892.0,1999.0,2001.0,48376
1,191.0,1891.0,1892.0,1999.0,2001.0,48375
1,191.0,1891.0,1892.0,1999.0,2012.0,48377
1,191.0,1891.0,1892.0,1999.0,2003.0,47693
1,22.0,48.0,285.0,331.0,332.0,48339
1,22.0,48.0,285.0,331.0,332.0,47711
3442,3574.0,3919.0,4202.0,5301.0,5306.0,47710
1,22.0,48.0,433.0,434.0,438.0,48435
1,22.0,48.0,19958.0,19959.0,20255.0,47706
1,1439.0,3030.0,3031.0,3034.0,3036.0,48448
1,208.0,209.0,2644.0,2645.0,2655.0,48427
1,22.0,103.0,1146.0,1168.0,1170.0,48367
1,22.0,103.0,1146.0,1168.0,1170.0,48366
1,22.0,103.0,1146.0,1168.0,1170.0,47786
1,22.0,48.0,433.0,434.0,439.0,48380
1,22.0,48.0,433.0,434.0,435.0,47793
1,22.0,48.0,433.0,434.0,435.0,48383
1,22.0,48.0,433.0,434.0,435.0,47784
1,22.0,48.0,433.0,434.0,435.0,47789
1,22.0,48.0,433.0,434.0,435.0,48384
1,22.0,48.0,285.0,331.0,332.0,47796
1,22.0,48.0,433.0,434.0,435.0,48385
1,22.0,48.0,433.0,434.0,435.0,47665
1,22.0,103.0,1146.0,1168.0,1170.0,47778
1,22.0,48.0,19958.0,19959.0,20011.0,48018
1,22.0,103.0,1146.0,1217.0,1231.0,320283
1,1439.0,1844.0,1845.0,1846.0,1853.0,48433
1,22.0,48.0,285.0,331.0,332.0,48340
1,191.0,1891.0,1892.0,1983.0,1985.0,48017
1,191.0,1891.0,1892.0,1983.0,1985.0,48341
1,191.0,1891.0,1892.0,1983.0,1985.0,48020
1,1439.0,3171.0,3172.0,19992.0,20123.0,48219
1,1439.0,3171.0,3172.0,19992.0,47447.0,48026
1,22.0,48.0,433.0,19928.0,48220.0,48398
1,22.0,48.0,433.0,19928.0,48220.0,48222
1,1439.0,1844.0,1845.0,1846.0,1851.0,48358
1,191.0,1891.0,1892.0,1983.0,1988.0,48422
1,22.0,103.0,1146.0,1168.0,1170.0,48365
1,1439.0,1844.0,1845.0,1846.0,1849.0,320417
1,22.0,48.0,49.0,280.0,47442.0,48439
1,1439.0,1844.0,1845.0,1846.0,1851.0,48357
1,22.0,103.0,1146.0,1217.0,1221.0,48158
1,22.0,48.0,19958.0,19959.0,30324.0,47848
1,22.0,48.0,433.0,434.0,439.0,47853
1,22.0,48.0,19958.0,19959.0,42030.0,47857
1,22.0,48.0,19958.0,19959.0,30324.0,48215
1,22.0,48.0,19958.0,19959.0,42030.0,47850
1,1439.0,3030.0,3031.0,3034.0,3046.0,320324
1,22.0,23.0,822.0,862.0,873.0,47895
1,1439.0,3030.0,3031.0,3034.0,3055.0,47896
1,1439.0,3030.0,3031.0,3034.0,3064.0,47893
1,1439.0,3030.0,3031.0,3034.0,3083.0,47891
1,1439.0,3030.0,3031.0,3034.0,3111.0,47892
1,22.0,48.0,487.0,527.0,529.0,48450
1,22.0,23.0,822.0,862.0,888.0,47899
1,22.0,23.0,822.0,862.0,873.0,47894
1,1439.0,3030.0,3031.0,3034.0,3055.0,47902
1,22.0,48.0,433.0,434.0,439.0,48381
1,1439.0,3030.0,3031.0,3034.0,3064.0,48386
1,22.0,48.0,545.0,564.0,565.0,48199
1,1439.0,3030.0,3031.0,3034.0,3065.0,47921
1,1439.0,3030.0,3031.0,3034.0,3046.0,48396
1,1439.0,3030.0,3031.0,3034.0,3156.0,48404
1,1439.0,3030.0,3031.0,3034.0,3046.0,48397
1,22.0,103.0,1238.0,1255.0,1257.0,47920
1,22.0,48.0,433.0,434.0,438.0,47914
1,22.0,48.0,19958.0,19959.0,42030.0,47912
1,22.0,103.0,1146.0,1168.0,1170.0,47885
1,22.0,48.0,433.0,434.0,439.0,47930
1,22.0,103.0,1146.0,1217.0,1221.0,42660
1,22.0,48.0,433.0,434.0,438.0,47928
1,22.0,48.0,433.0,434.0,438.0,47922
1,1439.0,3030.0,3031.0,3034.0,3067.0,48337
1,22.0,103.0,1146.0,1168.0,1177.0,47766
1,1439.0,1844.0,1845.0,1846.0,1866.0,48409
1,208.0,209.0,2734.0,2735.0,2736.0,47746
1,208.0,209.0,2734.0,2735.0,2736.0,47739
1,208.0,209.0,2644.0,2645.0,2652.0,48351
1,208.0,209.0,2706.0,2707.0,2709.0,48425
1,208.0,209.0,1503.0,2490.0,2491.0,47747
8580,8581.0,,12010.0,12640.0,12644.0,47738
1,22.0,48.0,545.0,564.0,565.0,48181
1,22.0,48.0,545.0,568.0,569.0,48346
1,22.0,23.0,822.0,862.0,873.0,47699
1,22.0,48.0,49.0,280.0,281.0,48415
1,22.0,103.0,1146.0,1168.0,1170.0,47697
1,191.0,1891.0,1892.0,1983.0,1990.0,47758
1,22.0,103.0,1146.0,1168.0,1173.0,47750
1,22.0,103.0,1146.0,1168.0,1177.0,47756
1,22.0,103.0,1146.0,1168.0,1177.0,48368
1,22.0,103.0,1238.0,1255.0,1265.0,47760
1,22.0,103.0,1146.0,1168.0,1177.0,47762
1,22.0,103.0,1146.0,1168.0,1174.0,47763
1,22.0,103.0,1146.0,1168.0,1174.0,47764
1,22.0,23.0,822.0,862.0,873.0,47761
1,22.0,103.0,1146.0,1168.0,1177.0,47980
1,191.0,1891.0,1892.0,1983.0,1985.0,48342
1,22.0,103.0,1146.0,1168.0,1173.0,48055
1,208.0,209.0,1503.0,2467.0,2472.0,48373
1,208.0,209.0,1503.0,2467.0,2472.0,47979
1,208.0,209.0,1503.0,2467.0,2472.0,48372
1,208.0,209.0,1503.0,2467.0,2472.0,48371
1,22.0,23.0,822.0,862.0,888.0,48360
1,1439.0,3171.0,3172.0,19992.0,20123.0,47984
1,22.0,103.0,1146.0,1168.0,1174.0,47996
1,22.0,48.0,285.0,349.0,354.0,47999
1,22.0,103.0,1146.0,1168.0,1177.0,47998
1,22.0,48.0,487.0,531.0,533.0,48171
1,208.0,209.0,2706.0,2707.0,2708.0,48334
1,208.0,209.0,2734.0,2735.0,2736.0,47716
1,208.0,209.0,2706.0,2707.0,2708.0,48170
1,208.0,209.0,2740.0,2758.0,2759.0,48205
1,208.0,209.0,2706.0,2707.0,2720.0,48326
1,22.0,103.0,1146.0,1168.0,1174.0,47929
1,22.0,103.0,1146.0,1168.0,1174.0,47924
1,22.0,103.0,1146.0,1168.0,1174.0,48389
1,22.0,103.0,1238.0,1255.0,1268.0,47933
1,208.0,209.0,2706.0,2707.0,2708.0,48160
1,208.0,209.0,2706.0,2707.0,2708.0,48333
1,208.0,209.0,2446.0,20985.0,23134.0,47808
1,208.0,209.0,2446.0,20985.0,23134.0,48149
1,208.0,209.0,2446.0,20985.0,23134.0,47815
1,208.0,209.0,2446.0,20985.0,23134.0,48148
1,1439.0,1844.0,1845.0,1846.0,1869.0,47807
1,22.0,48.0,589.0,590.0,591.0,47717
1,22.0,48.0,487.0,531.0,533.0,48153
1,22.0,103.0,1146.0,1168.0,1174.0,48388
1,22.0,103.0,1146.0,1168.0,1173.0,47890
1,208.0,209.0,2673.0,2692.0,2700.0,47748
1,208.0,209.0,2734.0,2735.0,2736.0,47874
1,208.0,209.0,1515.0,1516.0,1518.0,47880
1,208.0,209.0,1546.0,1547.0,1548.0,47884
1,208.0,209.0,2706.0,2707.0,2708.0,48331
1,208.0,209.0,2673.0,2692.0,2699.0,47887
1,208.0,209.0,2740.0,2765.0,2766.0,48194
1,208.0,209.0,1506.0,2636.0,2637.0,47812
1,208.0,209.0,2734.0,2735.0,2736.0,47882
1,208.0,209.0,2740.0,2765.0,2766.0,48399
1,208.0,209.0,2644.0,2645.0,2655.0,48430
1,208.0,209.0,2644.0,2645.0,2655.0,48428
1,22.0,103.0,1238.0,1255.0,1261.0,47820
1,22.0,48.0,49.0,280.0,281.0,48417
1,22.0,48.0,49.0,280.0,281.0,48416
1,208.0,209.0,1506.0,2619.0,2620.0,48349
1,208.0,209.0,1506.0,2619.0,2620.0,47821
1,208.0,209.0,1506.0,2619.0,2620.0,47823
1,208.0,209.0,1506.0,2619.0,2620.0,48347
1,22.0,103.0,1273.0,1274.0,1278.0,48336
1,22.0,23.0,822.0,823.0,825.0,47909
1,208.0,209.0,2644.0,2645.0,2655.0,48432
1,208.0,209.0,2644.0,2645.0,2655.0,48431
1,208.0,209.0,2734.0,2735.0,2736.0,47908
1,208.0,209.0,2740.0,2758.0,2759.0,47915
1,208.0,209.0,2446.0,20985.0,23134.0,47684
1,208.0,209.0,2446.0,20985.0,23134.0,48146
1,208.0,209.0,1506.0,2619.0,2620.0,47667
1,208.0,209.0,1506.0,2619.0,2620.0,47674
1,208.0,209.0,1506.0,2619.0,2620.0,47682
1,208.0,209.0,1506.0,2619.0,2620.0,47679
1,208.0,209.0,1506.0,2619.0,2620.0,47678
1,208.0,209.0,1506.0,2619.0,2620.0,48348
1,208.0,209.0,2740.0,2765.0,2766.0,48177
1,208.0,209.0,2740.0,2765.0,2766.0,48179
1,208.0,209.0,1506.0,2619.0,2620.0,47676
1,208.0,209.0,1506.0,2619.0,2620.0,45319
1,208.0,209.0,2446.0,20985.0,23134.0,48145
1,1439.0,1835.0,1836.0,3250.0,3256.0,47673
1,22.0,48.0,589.0,590.0,591.0,48014
1,22.0,48.0,589.0,590.0,591.0,48013
1,22.0,48.0,589.0,590.0,591.0,48011
1,22.0,48.0,589.0,590.0,591.0,48412
1,208.0,209.0,2644.0,2645.0,2655.0,48429
1,208.0,209.0,2734.0,2735.0,2736.0,48190
1,208.0,209.0,2446.0,20985.0,23134.0,47780
1,208.0,209.0,1506.0,1507.0,1508.0,47799
1,22.0,23.0,907.0,908.0,950.0,47795
1,191.0,1891.0,1892.0,1900.0,1922.0,47794
1,22.0,48.0,487.0,531.0,533.0,47797
1,208.0,209.0,2446.0,20985.0,23134.0,48147
1,208.0,209.0,2740.0,2765.0,2766.0,48193
1,208.0,209.0,1506.0,2619.0,2620.0,47775
1,191.0,1891.0,1892.0,1983.0,1984.0,47782
1,191.0,1891.0,1892.0,1900.0,1928.0,47781
1,208.0,209.0,2446.0,20985.0,23134.0,47787
1,208.0,209.0,2446.0,20985.0,23134.0,47776
1,208.0,209.0,1506.0,2619.0,2620.0,48151
8580,8581.0,,12010.0,12640.0,12644.0,47942
1,208.0,209.0,1506.0,2632.0,2633.0,48210
1,208.0,209.0,2446.0,20985.0,23134.0,47931
1,208.0,209.0,1506.0,2619.0,2620.0,48350
1,208.0,209.0,1506.0,2619.0,2620.0,47947
1,208.0,209.0,1506.0,2619.0,2620.0,47934
1,208.0,209.0,1506.0,2619.0,2620.0,47911
1,1439.0,3030.0,3031.0,3034.0,3035.0,48202
1,1439.0,3030.0,3031.0,3034.0,3035.0,48203
1,208.0,209.0,2740.0,2765.0,2766.0,45198
1,208.0,209.0,2740.0,2765.0,2766.0,48400
1,208.0,209.0,2706.0,2707.0,2726.0,47875
1,208.0,209.0,2706.0,2707.0,2708.0,48332
1,208.0,209.0,2706.0,2707.0,2731.0,47886
1,208.0,209.0,2644.0,2645.0,2647.0,48392
1,208.0,209.0,2644.0,2645.0,2647.0,48393
1,208.0,209.0,2706.0,2707.0,2709.0,48426
1,208.0,209.0,2706.0,2707.0,2711.0,48423
1,191.0,1891.0,1892.0,1983.0,1984.0,47871
1,191.0,1891.0,1892.0,1983.0,1984.0,48406
1,191.0,1891.0,1892.0,1900.0,1902.0,48197
1,191.0,1891.0,1892.0,1983.0,1984.0,47868
1,22.0,23.0,822.0,862.0,863.0,47870
1,191.0,1891.0,1892.0,1900.0,1902.0,47872
1,208.0,209.0,2734.0,2735.0,2736.0,47869
1,197.0,1494.0,2433.0,2436.0,2437.0,47866
1,22.0,48.0,49.0,280.0,281.0,48114
1,22.0,23.0,85.0,698.0,707.0,48118
3442,3448.0,3816.0,3817.0,4434.0,4435.0,48120
1,22.0,48.0,19958.0,19959.0,20075.0,48121
1,191.0,1891.0,1892.0,1900.0,1902.0,48452
1,208.0,209.0,2734.0,2735.0,2736.0,25207
167876,,,,,,167877
167876,,,,,,167878
167876,,,,,,167879
1,191.0,1891.0,1892.0,1900.0,1902.0,167881
1,208.0,209.0,2734.0,2735.0,2736.0,167887
1,191.0,1891.0,1892.0,1900.0,1902.0,167882
1,191.0,1891.0,1892.0,1983.0,1984.0,167883
1,191.0,1891.0,1892.0,1983.0,1984.0,167884
1,191.0,1891.0,1892.0,1900.0,1902.0,167885
1,208.0,209.0,1503.0,2467.0,2472.0,167907
1,208.0,209.0,2644.0,2645.0,2646.0,31750
1,208.0,209.0,1509.0,2772.0,2773.0,111835
1,208.0,209.0,2644.0,2645.0,2647.0,111834
1,208.0,209.0,2644.0,2645.0,2647.0,111828
1,208.0,209.0,2734.0,2735.0,2736.0,167890
1,208.0,209.0,2734.0,2735.0,2736.0,167891
1,208.0,209.0,2734.0,2735.0,2736.0,167894
1,208.0,209.0,2734.0,2735.0,2736.0,320179
1,208.0,209.0,2734.0,2735.0,2736.0,320176
1,208.0,209.0,2734.0,2735.0,2736.0,167895
1,208.0,209.0,2734.0,2735.0,2736.0,320181
1,208.0,209.0,2734.0,2735.0,2736.0,167896
1,208.0,209.0,2734.0,2735.0,2736.0,167897
1,208.0,209.0,2734.0,2735.0,2736.0,167898
1,208.0,209.0,2734.0,2735.0,2736.0,320167
1,208.0,209.0,2734.0,2735.0,2736.0,320174
1,208.0,209.0,2734.0,2735.0,2736.0,320184
1,208.0,209.0,2734.0,2735.0,2736.0,167899
1,208.0,209.0,2734.0,2735.0,2736.0,320172
1,208.0,209.0,2734.0,2735.0,2736.0,320190
1,208.0,209.0,2734.0,2735.0,2736.0,320189
1,208.0,209.0,2734.0,2735.0,2736.0,320186
1,208.0,209.0,2734.0,2735.0,2736.0,167900
1,208.0,209.0,2734.0,2735.0,2736.0,320175
1,208.0,209.0,2734.0,2735.0,2736.0,320188
1,208.0,209.0,2734.0,2735.0,2736.0,167904
1,208.0,209.0,2734.0,2735.0,2736.0,320177
1,208.0,209.0,2734.0,2735.0,2736.0,167903
1,208.0,209.0,2734.0,2735.0,2736.0,320173
1,208.0,209.0,2734.0,2735.0,2736.0,167902
1,208.0,209.0,2734.0,2735.0,2736.0,320168
1,208.0,209.0,2734.0,2735.0,2736.0,320171
1,208.0,209.0,2734.0,2735.0,2736.0,167905
1,208.0,209.0,2734.0,2735.0,2736.0,320187
1,208.0,209.0,2734.0,2735.0,2736.0,320180
1,208.0,209.0,2734.0,2735.0,2736.0,167906
1,208.0,209.0,2734.0,2735.0,2736.0,167892
1,22.0,103.0,1146.0,1147.0,1148.0,98138
1,22.0,103.0,1146.0,1183.0,1184.0,98140
1,22.0,103.0,1146.0,1168.0,1171.0,98141
1,1439.0,3030.0,3031.0,3034.0,3035.0,320195
1,1439.0,3030.0,3031.0,3034.0,3043.0,320196
1,22.0,103.0,1146.0,1147.0,1148.0,320197
1,22.0,103.0,1146.0,1147.0,1148.0,320198
1,191.0,1891.0,1892.0,1900.0,1902.0,320199
1,22.0,48.0,285.0,286.0,296.0,320200
1,22.0,48.0,285.0,286.0,290.0,320201
1,22.0,48.0,49.0,280.0,281.0,320202
1,22.0,48.0,49.0,280.0,281.0,320203
1,22.0,48.0,19958.0,19959.0,20295.0,320204
1,22.0,48.0,433.0,434.0,435.0,320205
1,22.0,48.0,285.0,337.0,338.0,320206
1,1439.0,3030.0,3031.0,3034.0,3043.0,320207
1,208.0,209.0,2644.0,2645.0,2646.0,320213
1,208.0,209.0,1506.0,2628.0,2630.0,320211
1,22.0,103.0,1238.0,1255.0,1619.0,98136
1,208.0,209.0,1503.0,2467.0,2472.0,98133
1,22.0,48.0,285.0,337.0,338.0,320191
1,208.0,209.0,1503.0,2467.0,2468.0,98131
1,22.0,48.0,285.0,286.0,287.0,320214
1,22.0,103.0,1146.0,1217.0,1218.0,320215
1,22.0,103.0,1146.0,1168.0,1181.0,320218
1,22.0,23.0,85.0,749.0,1591.0,320217
1,22.0,48.0,285.0,349.0,355.0,320219
1,22.0,48.0,285.0,349.0,353.0,320220
1,22.0,48.0,285.0,349.0,353.0,320221
1,22.0,103.0,1238.0,1255.0,1619.0,28998
1,208.0,209.0,2734.0,2735.0,2736.0,320222
1,208.0,209.0,2734.0,2735.0,2736.0,320225
1,208.0,209.0,2644.0,2645.0,2646.0,320226
1,208.0,209.0,2734.0,2735.0,2736.0,320227
1,208.0,209.0,2734.0,2735.0,2736.0,320229
1,208.0,209.0,1503.0,2540.0,2545.0,320230
1,191.0,1891.0,1892.0,1900.0,1902.0,320231
1,22.0,48.0,285.0,331.0,334.0,320233
1,22.0,48.0,285.0,331.0,334.0,320234
1,22.0,48.0,285.0,331.0,334.0,320235
1,22.0,48.0,49.0,280.0,281.0,320236
1,22.0,48.0,49.0,280.0,281.0,320237
1,22.0,48.0,285.0,323.0,327.0,320238
1,22.0,48.0,49.0,280.0,281.0,320304
1,22.0,48.0,285.0,323.0,327.0,320240
1,22.0,48.0,285.0,323.0,327.0,320241
1,22.0,48.0,285.0,323.0,327.0,320242
1,22.0,48.0,49.0,280.0,281.0,320243
1,22.0,48.0,285.0,331.0,332.0,320244
1,22.0,48.0,285.0,349.0,353.0,320245
1,22.0,48.0,285.0,349.0,353.0,320246
1,22.0,48.0,285.0,337.0,341.0,320247
1,22.0,103.0,1146.0,1147.0,1156.0,320248
1,1439.0,3030.0,3031.0,3034.0,3115.0,320224
1,191.0,1891.0,1892.0,1983.0,1984.0,320251
1,22.0,48.0,19958.0,19959.0,20011.0,320252
1,22.0,48.0,285.0,286.0,290.0,320253
1,22.0,48.0,285.0,349.0,353.0,320258
1,22.0,48.0,49.0,272.0,273.0,320254
1,22.0,103.0,1146.0,1147.0,1149.0,320259
1,22.0,48.0,285.0,337.0,338.0,320255
1,22.0,23.0,1065.0,1066.0,1068.0,320256
1,22.0,48.0,49.0,272.0,273.0,320257
1,22.0,48.0,49.0,280.0,281.0,111070
1,22.0,48.0,49.0,280.0,281.0,320260
1,191.0,1891.0,1892.0,1983.0,1984.0,320262
1,22.0,48.0,49.0,280.0,281.0,320264
1,22.0,48.0,285.0,337.0,99964.0,320272
1,22.0,103.0,1146.0,1183.0,1185.0,320273
1,22.0,103.0,1146.0,1183.0,1185.0,320274
1,22.0,103.0,1146.0,1183.0,1185.0,320275
1,22.0,48.0,49.0,280.0,281.0,320276
1,208.0,209.0,1506.0,2628.0,2629.0,320277
1,22.0,48.0,285.0,286.0,290.0,320280
1,22.0,103.0,1146.0,1147.0,1150.0,320278
1,22.0,48.0,249.0,250.0,251.0,320279
1,191.0,1891.0,1892.0,1893.0,1894.0,320281
1,22.0,23.0,822.0,823.0,825.0,320282
1,22.0,48.0,433.0,434.0,440.0,320284
1,22.0,48.0,49.0,280.0,281.0,320286
1,22.0,48.0,49.0,280.0,281.0,320287
1,22.0,48.0,285.0,345.0,346.0,320288
1,22.0,48.0,285.0,337.0,340.0,320289
1,22.0,48.0,285.0,337.0,340.0,320290
1,22.0,48.0,285.0,349.0,355.0,320291
1,22.0,103.0,1238.0,1255.0,1619.0,320292
1,22.0,48.0,600.0,607.0,608.0,320293
1,22.0,48.0,285.0,286.0,288.0,320295
1,22.0,48.0,285.0,286.0,288.0,320294
1,22.0,48.0,285.0,286.0,290.0,320296
1,191.0,1891.0,2026.0,2041.0,2042.0,320297
1,191.0,1891.0,1892.0,1893.0,1894.0,320298
1,191.0,1891.0,2026.0,2041.0,2042.0,320299
1,22.0,48.0,285.0,286.0,300.0,320300
1,22.0,48.0,285.0,323.0,327.0,320301
1,22.0,23.0,85.0,749.0,1594.0,320302
1,191.0,1891.0,1892.0,1900.0,1928.0,320303
1,22.0,48.0,49.0,280.0,281.0,320305
1,22.0,48.0,49.0,280.0,281.0,320308
1,22.0,23.0,1065.0,1066.0,1068.0,320309
1,22.0,23.0,1065.0,1066.0,1068.0,320310
1,22.0,48.0,433.0,434.0,436.0,320311
1,22.0,48.0,285.0,323.0,324.0,320315
1,22.0,23.0,85.0,785.0,786.0,320313
1,22.0,23.0,85.0,785.0,786.0,320314
1,22.0,103.0,1146.0,1183.0,1188.0,320316
1,22.0,48.0,285.0,337.0,340.0,320317
1,22.0,48.0,285.0,286.0,288.0,320319
1,191.0,1891.0,1892.0,1900.0,1902.0,320320
1,191.0,1891.0,1892.0,1983.0,1984.0,320323
1,22.0,48.0,285.0,349.0,353.0,320327
1,208.0,209.0,2734.0,2735.0,2736.0,320342
1,208.0,209.0,2734.0,2735.0,2736.0,320343
1,208.0,209.0,2734.0,2735.0,2736.0,320344
1,22.0,103.0,1238.0,1255.0,1619.0,320335
1,22.0,103.0,1146.0,1217.0,1228.0,320329
1,1439.0,3030.0,3031.0,3034.0,3043.0,320330
1,1439.0,3030.0,3031.0,3034.0,3043.0,320331
1,1439.0,3030.0,3031.0,3034.0,3043.0,320333
1,22.0,48.0,285.0,323.0,324.0,320336
1,22.0,103.0,1146.0,1183.0,1191.0,320337
1,22.0,48.0,285.0,323.0,324.0,320338
1,22.0,48.0,285.0,323.0,324.0,320339
1,22.0,48.0,285.0,323.0,324.0,320340
1,22.0,48.0,285.0,323.0,324.0,320341
1,22.0,48.0,285.0,349.0,355.0,320345
1,22.0,48.0,285.0,323.0,324.0,320346
1,22.0,48.0,49.0,280.0,281.0,320347
1,191.0,1891.0,1892.0,1900.0,1928.0,320349
1,191.0,1891.0,1892.0,1900.0,1902.0,320350
1,22.0,23.0,1065.0,1066.0,1074.0,320351
1,191.0,1891.0,1892.0,1893.0,1894.0,320352
1,22.0,103.0,1146.0,,1605.0,320348
1,22.0,48.0,49.0,280.0,281.0,320357
1,1439.0,3171.0,3172.0,3173.0,3180.0,320358
1,208.0,209.0,1503.0,2518.0,2521.0,320359
1,22.0,23.0,1065.0,1066.0,1068.0,320360
1,22.0,23.0,85.0,785.0,786.0,320361
1,22.0,103.0,1146.0,1217.0,1218.0,320362
1,208.0,209.0,1503.0,2540.0,2544.0,320363
1,22.0,23.0,1065.0,1066.0,1073.0,320364
1,22.0,48.0,285.0,337.0,342.0,320366
1,22.0,48.0,285.0,337.0,338.0,320367
1,22.0,48.0,285.0,286.0,311.0,320368
1,22.0,23.0,1065.0,1066.0,1072.0,320369
1,22.0,23.0,1065.0,1066.0,1074.0,320370
1,22.0,103.0,1146.0,1183.0,1188.0,320371
1,22.0,48.0,589.0,590.0,591.0,320372
1,22.0,48.0,589.0,590.0,592.0,320375
1,22.0,48.0,589.0,590.0,592.0,320376
1,22.0,48.0,589.0,590.0,592.0,320377
1,22.0,103.0,1238.0,1255.0,1619.0,320384
1,191.0,1891.0,1892.0,1983.0,1984.0,320387
1,22.0,48.0,49.0,280.0,281.0,320388
1,22.0,48.0,49.0,280.0,281.0,320389
1,22.0,23.0,85.0,708.0,713.0,320390
1,22.0,48.0,49.0,272.0,273.0,320391
1,22.0,48.0,285.0,337.0,338.0,320392
1,22.0,48.0,285.0,321.0,322.0,320394
1,208.0,209.0,1506.0,2628.0,2630.0,320395
1,22.0,48.0,285.0,349.0,353.0,320397
1,22.0,48.0,285.0,321.0,322.0,320399
1,22.0,103.0,1146.0,1168.0,1174.0,320400
1,22.0,23.0,822.0,823.0,835.0,320402
1,22.0,23.0,822.0,823.0,835.0,320403
1,22.0,23.0,822.0,823.0,834.0,320404
1,22.0,48.0,49.0,280.0,281.0,320405
1,22.0,48.0,49.0,280.0,281.0,320406
1,22.0,48.0,49.0,280.0,281.0,320407
1,22.0,48.0,49.0,280.0,281.0,320408
1,1439.0,3171.0,3172.0,3173.0,3174.0,320410
1,22.0,48.0,589.0,590.0,592.0,320379
1,22.0,48.0,589.0,590.0,592.0,320380
1,22.0,48.0,589.0,590.0,592.0,320383
1,22.0,23.0,1065.0,1066.0,1073.0,320378
1,208.0,209.0,2706.0,2707.0,2709.0,320418
1,208.0,209.0,2734.0,2735.0,2736.0,320419
1,208.0,209.0,1503.0,2467.0,2470.0,320420
1,208.0,209.0,2706.0,2707.0,2723.0,320421
1,208.0,209.0,2644.0,2645.0,2646.0,320426
1,208.0,209.0,2644.0,2645.0,2647.0,320422
1,22.0,23.0,907.0,908.0,996.0,320428
1,22.0,48.0,600.0,607.0,608.0,320429
1,191.0,1891.0,1892.0,1900.0,1902.0,320439
1,208.0,1552.0,1553.0,1554.0,1555.0,320444
1,22.0,103.0,1146.0,1217.0,1218.0,320440
1,22.0,48.0,285.0,349.0,355.0,320441
1,22.0,48.0,49.0,280.0,281.0,320446
1,22.0,48.0,285.0,286.0,313.0,320447
1,191.0,1891.0,2026.0,2041.0,2042.0,320448
1,208.0,209.0,1506.0,2628.0,2629.0,320449
1,208.0,209.0,1506.0,2628.0,2629.0,320450
1,208.0,209.0,1503.0,2540.0,2576.0,320452
1,208.0,209.0,2706.0,2707.0,2726.0,320424
1,1439.0,3030.0,3031.0,3034.0,3043.0,320415
1,1439.0,3030.0,3031.0,3034.0,3043.0,320453
1,191.0,1891.0,1892.0,1900.0,1928.0,320416
1,22.0,48.0,49.0,280.0,281.0,320454
1,22.0,48.0,49.0,280.0,281.0,320455
1,22.0,48.0,285.0,349.0,355.0,320456
1,22.0,48.0,49.0,280.0,281.0,320457
1,22.0,48.0,285.0,349.0,353.0,320458
1,22.0,48.0,285.0,349.0,353.0,320459
1,22.0,48.0,285.0,358.0,359.0,320461
1,208.0,209.0,1515.0,1516.0,1517.0,320463
1,1439.0,,,,,46892
1,22.0,48.0,644.0,645.0,652.0,320474
1,191.0,1891.0,1892.0,1900.0,1902.0,320476
1,22.0,48.0,644.0,645.0,653.0,320481
1,22.0,48.0,644.0,645.0,656.0,320483
1,22.0,48.0,285.0,349.0,353.0,320486
1,22.0,48.0,285.0,349.0,353.0,320487
1,22.0,48.0,600.0,607.0,608.0,320489
1,22.0,103.0,1146.0,1217.0,1218.0,320491
1,22.0,103.0,1146.0,1217.0,1218.0,320492
1,22.0,48.0,589.0,590.0,592.0,320493
1,191.0,1891.0,1892.0,1900.0,1902.0,320494
1,191.0,1891.0,1892.0,1900.0,1902.0,320500
1,208.0,209.0,1503.0,2467.0,2468.0,320497
1,22.0,48.0,49.0,280.0,281.0,320498
1,208.0,209.0,1506.0,2628.0,2630.0,320499
1,208.0,209.0,2740.0,2758.0,2763.0,320504
1,208.0,209.0,2740.0,2741.0,2746.0,320507
1,208.0,209.0,2740.0,2741.0,2746.0,320506
1,208.0,209.0,2740.0,2741.0,2744.0,320509
1,208.0,209.0,2740.0,2741.0,2744.0,320511
1,208.0,209.0,2740.0,2741.0,2744.0,320527
1,22.0,23.0,907.0,908.0,1013.0,320529
1,208.0,209.0,1503.0,2467.0,2471.0,320530
1,208.0,209.0,1503.0,2467.0,2472.0,320531
1,208.0,209.0,1503.0,2467.0,2471.0,320532
1,208.0,209.0,1503.0,2467.0,2471.0,320533
1,208.0,209.0,1503.0,2467.0,2471.0,320534
1,208.0,209.0,1503.0,2467.0,2471.0,320535
1,208.0,209.0,1503.0,2467.0,2471.0,320536
1,208.0,209.0,2740.0,2741.0,2744.0,320537
1,191.0,1891.0,2026.0,2041.0,2042.0,320539
1,191.0,1891.0,1892.0,1893.0,1894.0,320540
1,191.0,1891.0,1892.0,1893.0,1894.0,320541
1,191.0,1891.0,1892.0,1893.0,1894.0,320542
1,191.0,1891.0,1892.0,1893.0,1894.0,320543
1,22.0,48.0,589.0,590.0,591.0,320634
1,22.0,48.0,589.0,590.0,591.0,320633
1,22.0,48.0,589.0,590.0,591.0,320635
1,22.0,48.0,589.0,590.0,591.0,320636
1,22.0,48.0,545.0,568.0,572.0,320632
1,22.0,48.0,589.0,590.0,591.0,320631
1,22.0,48.0,589.0,590.0,591.0,320630
1,22.0,48.0,589.0,590.0,591.0,320538
1,22.0,103.0,1146.0,1183.0,1188.0,320639
1,22.0,103.0,1146.0,1183.0,1188.0,320640
1,22.0,103.0,1146.0,1183.0,1188.0,320644
1,22.0,103.0,1146.0,1183.0,1188.0,320647
1,22.0,103.0,1146.0,1183.0,1188.0,320648
1,22.0,103.0,1146.0,1183.0,1188.0,320645
1,22.0,103.0,1146.0,1183.0,1188.0,320646
1,191.0,1891.0,1892.0,1983.0,1984.0,320649
1,22.0,48.0,285.0,286.0,299.0,320650
1,191.0,1891.0,1892.0,1893.0,1894.0,320651
1,22.0,103.0,1146.0,1217.0,1222.0,320652
1,22.0,103.0,1146.0,1217.0,1222.0,320655
1,191.0,1891.0,1892.0,1893.0,1894.0,230783
1,22.0,48.0,49.0,272.0,273.0,320654
1,22.0,103.0,1146.0,1217.0,1218.0,320658
1,22.0,103.0,1146.0,1217.0,1218.0,320659
1,22.0,48.0,285.0,345.0,347.0,320666
1,22.0,48.0,49.0,272.0,274.0,320665
1,22.0,48.0,49.0,272.0,273.0,320664
1,22.0,48.0,285.0,349.0,351.0,320663
1,208.0,209.0,2734.0,2735.0,2736.0,320676
1,208.0,209.0,2734.0,2735.0,2736.0,320677
1,208.0,209.0,2734.0,2735.0,2736.0,320678
1,191.0,1891.0,1892.0,1893.0,1894.0,320679
1,191.0,1891.0,1892.0,1893.0,1894.0,235633
1,22.0,48.0,19958.0,19959.0,19960.0,37486
1,191.0,1891.0,1892.0,1900.0,1902.0,320680
1,22.0,48.0,285.0,286.0,299.0,320681
1,22.0,103.0,1146.0,1183.0,1191.0,320682
1,22.0,103.0,1146.0,1183.0,1188.0,320684
1,22.0,48.0,285.0,286.0,290.0,320685
1,22.0,103.0,1146.0,1217.0,1226.0,320686
1,22.0,48.0,49.0,280.0,20453.0,320688
1,22.0,48.0,285.0,321.0,322.0,320689
1,208.0,209.0,2734.0,2735.0,2736.0,320690
1,208.0,209.0,2734.0,2735.0,2736.0,320691
1,208.0,209.0,2734.0,2735.0,2736.0,320692
1,208.0,209.0,2734.0,2735.0,2736.0,320694
1,208.0,209.0,2734.0,2735.0,2736.0,320695
1,208.0,209.0,2734.0,2735.0,2736.0,320696
1,208.0,209.0,2734.0,2735.0,2736.0,320697
1,191.0,1891.0,1892.0,1900.0,1902.0,320698
1,191.0,1891.0,1892.0,1900.0,1902.0,320699
1,191.0,1891.0,1892.0,1893.0,1894.0,305552
1,191.0,1891.0,1892.0,1974.0,1975.0,320700
1,1439.0,3030.0,3031.0,3034.0,3036.0,320701
1,1439.0,1835.0,1836.0,3250.0,3255.0,320703
1,208.0,209.0,2734.0,2735.0,2736.0,320704
1,208.0,209.0,2734.0,2735.0,2736.0,320705
1,208.0,209.0,2734.0,2735.0,2736.0,320707
1,208.0,209.0,2734.0,2735.0,2736.0,320708
1,208.0,209.0,2734.0,2735.0,2736.0,320709
1,208.0,209.0,2734.0,2735.0,2736.0,320710
1,208.0,209.0,2734.0,2735.0,2736.0,320711
1,22.0,103.0,1146.0,1217.0,1218.0,320712
1,22.0,48.0,49.0,280.0,281.0,320713
1,22.0,103.0,1146.0,1217.0,1228.0,320714
1,22.0,103.0,1146.0,1217.0,1218.0,320716
1,22.0,48.0,285.0,331.0,335.0,320715
1,22.0,23.0,85.0,749.0,1591.0,320717
1,22.0,103.0,1146.0,1168.0,1180.0,320719
1,22.0,23.0,85.0,698.0,700.0,320720
1,22.0,103.0,1146.0,1217.0,1218.0,320721
1,22.0,23.0,85.0,749.0,1591.0,320722
1,22.0,23.0,85.0,749.0,1594.0,320723
1,22.0,23.0,85.0,749.0,1595.0,320725
1,22.0,23.0,85.0,749.0,1595.0,320726
1,22.0,48.0,589.0,590.0,591.0,320727
1,22.0,48.0,589.0,590.0,591.0,320729
1,22.0,48.0,49.0,272.0,275.0,320730
1,208.0,209.0,2734.0,2735.0,2736.0,320736
1,208.0,209.0,2734.0,2735.0,2736.0,320737
1,208.0,209.0,2734.0,2735.0,2736.0,320738
1,208.0,209.0,1503.0,2467.0,2470.0,320740
1,208.0,209.0,2644.0,2645.0,2647.0,226431
1,22.0,48.0,285.0,337.0,339.0,322032
1,22.0,48.0,285.0,286.0,293.0,322033
1,22.0,103.0,1146.0,1217.0,1218.0,322034
1,22.0,48.0,49.0,280.0,281.0,229204
1,191.0,1891.0,1892.0,1983.0,1984.0,322035
1,191.0,1891.0,1892.0,1983.0,1984.0,322036
1,191.0,1891.0,1892.0,1983.0,1984.0,219884
1,191.0,1891.0,1892.0,1983.0,1984.0,322037
1,208.0,209.0,2706.0,2707.0,2727.0,227558
1,208.0,209.0,2740.0,2741.0,2742.0,322038
1,208.0,209.0,2706.0,2707.0,2723.0,322040
1,208.0,209.0,2740.0,2741.0,2749.0,322041
1,208.0,209.0,2644.0,2645.0,2647.0,224201
1,22.0,103.0,1146.0,1217.0,1218.0,322042
1,22.0,48.0,285.0,337.0,338.0,322043
1,22.0,48.0,49.0,280.0,281.0,322044
1,22.0,23.0,907.0,908.0,909.0,225044
1,22.0,1297.0,1621.0,2994.0,2995.0,322046
1,22.0,1297.0,1621.0,2994.0,2996.0,222093
1,22.0,1297.0,1621.0,3008.0,3009.0,322047
1,22.0,23.0,85.0,749.0,1591.0,321769
1,22.0,48.0,49.0,280.0,281.0,233342
1,1439.0,1844.0,1845.0,1846.0,1847.0,322053
1,208.0,209.0,1506.0,2621.0,2622.0,322054
1,22.0,23.0,907.0,908.0,935.0,321379
1,22.0,23.0,85.0,698.0,700.0,321225
1,208.0,209.0,2644.0,2645.0,2669.0,219969
1,208.0,209.0,1506.0,2628.0,2630.0,321780
1,22.0,48.0,249.0,262.0,267.0,219534
1,22.0,103.0,1146.0,1217.0,1234.0,322055
1,22.0,48.0,285.0,331.0,335.0,321327
1,22.0,23.0,85.0,749.0,1595.0,321336
1,208.0,,,,,46965
1,208.0,209.0,1503.0,2511.0,2512.0,322061
1,22.0,1297.0,1621.0,2999.0,3003.0,222019
1,22.0,1297.0,1621.0,2999.0,3000.0,225037
1,22.0,1297.0,1621.0,2999.0,3004.0,221042
1,22.0,103.0,1146.0,1217.0,1223.0,321298
1,22.0,103.0,1146.0,1217.0,1223.0,321296
1,1439.0,3171.0,3172.0,3173.0,3175.0,228338
1,191.0,1891.0,1892.0,1900.0,1902.0,321193
1,22.0,23.0,85.0,785.0,786.0,321539
1,22.0,103.0,1146.0,1183.0,1206.0,321826
1,22.0,103.0,1146.0,1147.0,1158.0,321752
1,22.0,23.0,85.0,798.0,801.0,321988
1,191.0,1891.0,1892.0,1999.0,2004.0,219955
1,208.0,209.0,2740.0,2741.0,2750.0,321102
1,208.0,209.0,2734.0,2735.0,2736.0,322135
1,208.0,209.0,2734.0,2735.0,2736.0,38450
1,1439.0,1835.0,1836.0,3277.0,3278.0,322139
1,22.0,103.0,1146.0,1217.0,1228.0,321673
1,22.0,48.0,74.0,676.0,679.0,322137
1,1439.0,1835.0,1836.0,3250.0,3253.0,322141
1,191.0,1891.0,1892.0,1900.0,1902.0,322143
1,191.0,1891.0,1892.0,1900.0,1902.0,321211
1,1439.0,1835.0,1836.0,3250.0,3270.0,321353
1,1439.0,3171.0,3172.0,3173.0,3175.0,322146
1,22.0,48.0,433.0,434.0,435.0,321490
1,22.0,23.0,822.0,905.0,906.0,219941
1,22.0,23.0,822.0,862.0,875.0,219844
1,191.0,1891.0,1892.0,1994.0,1996.0,227806
1,22.0,48.0,285.0,349.0,352.0,233635
1,22.0,103.0,1238.0,1255.0,1257.0,322124
1,22.0,48.0,285.0,349.0,350.0,322125
1,22.0,23.0,85.0,698.0,702.0,222700
1,22.0,48.0,285.0,286.0,291.0,221039
1,1439.0,1835.0,1836.0,3250.0,3257.0,223766
1,22.0,1301.0,1305.0,1727.0,3025.0,220564
1,208.0,209.0,1512.0,2781.0,2782.0,220188
1,208.0,209.0,2734.0,2735.0,2736.0,223244
1,183.0,1775.0,1776.0,1794.0,1795.0,322148
1,1439.0,1835.0,1836.0,3311.0,3312.0,322149
1,1439.0,3171.0,3172.0,3173.0,3179.0,322150
1,22.0,48.0,285.0,323.0,328.0,226340
1,22.0,23.0,85.0,785.0,791.0,235823
1,22.0,48.0,74.0,676.0,681.0,322151
